0.1,0.2,0.232,0.88,0.9089,0.8978,0.5666878,0.56577,0.53543,0.3434,0.24324,0.123213,0.3453453,0
0.125114,0.011482087,0.56,0.158479207,0.9089,0.063204817,0.022214427,0.009737283,0.125553656,0.116652051,0.007131446,0.070606655,0.184538654,0
0.475526,0.122738449,0.09844,0.121790454,0.9089,0.111125661,0.254731041,0.027968645,0.233444745,0.083775612,0.144329281,0.077330508,0.495071493,0
0.271475,0.197359288,0.215818,0.350205383,0.9089,0.018776971,0.391138149,0.347278117,0.032215352,0.1469402,0.397920123,0.1755918,0.295943184,0
0.01324,0.003282244,0.007298,0.315723289,0.9089,0.025322228,0.209335796,0.133616673,0.025068789,0.238979822,0.032076455,0.192869915,0.315925666,0
0.200958,0.194326539,0.205386,0.069659401,0.9089,0.173978602,0.337454334,0.216448685,0.067712945,0.036162377,0.587988134,0.19963103,0.254189325,0
0.122327,0.132337638,0.567282,0.01025399,0.9089,0.064646766,0.071740416,0.222122171,0.232443342,0.036797129,0.103151038,0.464326805,0.736005237,0
0.164145,0.091198323,0.435601,0.538372885,0.9089,0.119763856,0.352940947,0.326162705,0.212423194,0.170096311,0.145208051,0.320066367,0.14964092,0
0.194331,0.661077405,0.019121,0.140524175,0.9089,0.241151905,0.232849034,0.211124798,0.144119446,0.048951059,0.24514438,0.004054932,0.103765818,0
0.058729,0.164101015,0.00621,0.35282794,0.9089,0.206857682,0.087516512,0.296324084,0.086041014,0.563843741,0.035263302,0.118427034,0.238125036,0
0.266926,0.021587379,0.280299,0.210527793,0.160793017,0.167896325,0.019868582,0.196961163,0.274000456,0.31562611,0.09763598,0.409120159,0.044577808,0
0.072824,0.113242759,0.697532,0.31747168,0.336151295,0.175265293,0.226525422,0.397235121,0.176550384,0.287042183,0.02097389,0.220937763,0.376725173,0
0.094579,0.142273386,0.183646,0.001153619,0.14801409,0.210073224,0.328717166,0.291443792,0.077876542,0.167767339,0.302944597,0.017797026,0.339648249,0
0.038748,0.065609272,0.174684,0.274422618,0.151703048,0.051077331,0.097563858,0.005295398,0.272571806,0.375202374,0.17559575,0.01779299,0.135714606,0
0.280002,0.418323148,0.23399,0.286491865,0.191376888,0.26034414,0.014962056,0.071060329,0.121801732,0.010355849,0.043038857,0.084538873,0.339845523,0
0.116803,0.047580708,0.302192,0.08144668,0.300940046,0.193689055,0.386717163,0.14006595,0.255632301,0.194767775,0.024127167,0.023338125,0.23882939,0
0.182235,0.281239493,0.219623,0.280554922,0.550592271,0.029751529,0.326764731,0.071796204,0.276516111,0.359174689,0.062066001,0.056597243,0.100777856,0
0.02157,0.258984054,0.302079,0.330432668,0.018814477,0.10721005,0.498293937,0.04615543,0.494920751,0.472450423,0.357589293,0.031381048,0.144612365,0
0.014555,0.2821945,0.106262,0.485127031,0.199414479,0.383233856,0.299388585,0.487224353,0.287090411,0.349544648,0.034823347,0.060245039,0.044533535,0
0.099762,0.368881709,0.175586,0.347034171,0.021094789,0.055090189,0.134105721,0.068397808,0.037210567,0.032349445,0.051189664,0.20592764,0.155356465,0
0.33244,0.178331245,0.11097,0.032431277,0.42033089,0.608792031,0.055269116,0.01137563,0.033005476,0.067235337,0.04469232,0.286393263,0.109649191,0
0.208327,0.175917843,0.283841,0.254653303,0.402331567,0.148073385,0.016072691,0.130178428,0.259414059,0.31310487,0.262998473,0.176800562,0.267950463,0
0.192653,0.208257321,0.015534,0.258041884,0.186997189,0.266392514,0.022522296,0.215360889,0.441749722,0.437783243,0.100385894,0.046221602,0.174923404,0
0.099483,0.036459994,0.381816,0.29894133,0.238062774,0.010675486,0.130607533,0.028644323,0.265832258,0.449612122,0.36348559,0.160178219,0.270253914,0
0.221756,0.230256577,0.529238,0.004251763,0.235679524,0.064864575,0.122735804,0.18298066,0.178214246,0.196769758,0.274580879,0.381638856,0.148206566,0
0.120387,0.030585117,0.31912,0.293793914,0.292136222,0.161378634,0.054898303,0.147074219,0.256718772,0.816376597,0.20569293,0.342888664,0.102316408,0
0.181461,0.48632581,0.19369,0.03810757,0.168242146,0.281711149,0.084157572,0.243212253,0.135870365,0.073150886,0.408249766,0.199770136,0.045762056,0
0.10176,0.390095245,0.102046,0.131469357,0.280773886,0.087674052,0.196494391,0.300133596,0.063734247,0.155822627,0.003912274,0.477034116,0.160350621,0
0.136322,0.028891306,0.215475,0.16930838,0.115922569,0.100946178,0.032093058,0.189085789,0.169560763,0.129644682,0.192027001,0.420321996,0.123506046,0
0.01194,0.327066986,0.193444,0.320909485,0.508000963,0.122210153,0.131963619,0.060372842,0.278215244,0.014726563,0.113450059,0.099885819,0.00917065,0
0.092561,0.303646612,0.001221,0.099381614,0.092013612,0.424822287,0.087625321,0.232573502,0.114223377,0.525278052,0.345696652,0.113702258,0.137817407,0
0.091471,0.122268552,0.068068,0.259578496,0.219917008,0.068355938,0.000442109,0.073032568,0.07685167,0.032253683,0.219646561,0.249917861,0.094282443,0
0.245736,0.080697015,0.115024,0.018067507,0.20851972,0.123171425,0.148073527,0.116604126,0.241634177,0.072677446,0.037331481,0.161522562,0.084449983,0
0.390776,0.126382509,0.216352,0.254143419,0.127790732,0.0988082,0.328251022,0.248622218,0.141786759,0.235058763,0.002664321,0.096268665,0.277793158,0
0.242652,0.311472171,0.376211,0.208802224,0.094297867,0.906909059,0.537047449,0.114843332,0.456380519,0.037538389,0.65931729,0.232295011,0.23240444,0
0.517321,0.020186583,0.115456,0.30772727,0.103135887,0.053984537,0.029273137,0.052279545,0.041770345,0.044452519,0.25213753,0.325960139,0.27626883,0
0.380219,0.250803998,0.077255,0.325869888,0.108803897,0.23995183,0.59170764,0.040069032,0.432187125,0.077459558,0.399783545,0.030956802,0.395148042,0
0.328219,0.405997823,0.129441,0.409390427,0.280527575,0.32082621,0.083327978,0.238744646,0.079804725,0.014975221,0.114172021,0.182908022,0.226826584,0
0.05234,0.193355643,0.3042,0.174529931,0.237616934,0.319887347,0.187088492,0.39813687,0.046083943,0.064300234,0.139429322,0.375278592,0.231477905,0
0.325957,0.307317163,0.192415,0.394831886,0.085405281,0.280913844,0.42068767,0.129870236,0.626094066,0.037040579,0.191371659,0.369005431,0.187967151,0
0.028946,0.124345729,0.096611,0.139729873,0.324013594,0.041596348,0.25208718,0.105011413,0.423610151,0.173966313,0.067864162,0.297713421,0.206034871,0
0.200989,0.843594845,0.309307,0.20235331,0.3025711,0.263420722,0.115086952,0.134023791,0.031427625,0.324295975,0.50563287,0.268071646,0.092582393,0
0.042354,0.229012468,0.249289,0.113785447,0.01847675,0.223836292,0.31036103,0.025521374,0.371113403,0.166165733,0.325353348,0.38491308,0.336387248,0
0.122968,0.106070961,0.16423,0.180982427,0.106650191,0.14167809,0.476257921,0.068917595,0.005981365,0.490856951,0.184313889,0.203541497,0.105080976,0
0.296488,0.131870456,0.042608,0.170529444,0.421022021,0.030349,0.041480886,0.182214632,0.01849572,0.152307738,0.244278394,0.086676795,0.58416325,0
0.002329,0.357219177,0.147018,0.227517757,0.423772556,0.134784293,0.347103094,0.218068681,0.278319513,0.385837145,0.283198469,0.12945723,0.210324133,0
0.187308,0.166493102,0.381124,0.140221188,0.101532197,0.174513222,0.062607159,0.066690911,0.491529998,0.21716305,0.05820995,0.217515578,0.115135164,0
0.143901,0.047048097,0.003898,0.021156131,0.006368753,0.243986646,0.148929888,0.165538032,0.200488855,0.134758384,0.33353551,0.170417931,0.349824706,0
0.027972,0.124183838,0.373315,0.16544569,0.086399764,0.07171527,0.337735716,0.128311384,0.257204062,0.34882617,0.002680369,0.042369179,0.062236429,0
0.012225,0.232122696,0.194458,0.054660476,0.377420437,0.217627391,0.152363773,0.1992441,0.13818054,0.426218301,0.353783233,0.106695089,0.091298758,0
0.042753,0.023893803,0.246613,0.099979753,0.102804894,0.120736005,0.230541077,0.176572806,0.34385713,0.004119139,0.215185174,0.403186804,0.143961433,0
0.146342,0.504473025,0.327844,0.063522587,0.143428486,0.743479286,0.006284118,0.625351542,0.739602518,0.056537191,0.115219444,0.294074674,0.241401251,0
0.064506,0.021234114,0.535508,0.350789446,0.155594094,0.220621373,0.383008104,0.161505152,0.141870685,0.361586359,0.031059936,0.135579415,0.161368434,0
0.137988,0.236464874,0.16578,0.129395552,0.033640807,0.074726647,0.090294741,0.188457875,0.075914178,0.099119445,0.05930923,0.035225619,0.476691994,0
0.154151,0.027035428,0.103736,0.377846482,0.229606847,0.359439836,0.460184268,0.171370254,0.044793538,0.167323283,0.509056785,0.451216582,0.172460176,0
0.126036,0.072604309,0.103762,0.512857419,0.141099947,0.286993831,0.466873507,0.083716687,0.100782574,0.321251279,0.057048486,0.468601078,0.133879613,0
0.184512,0.096222484,0.176791,0.139613164,0.01669282,0.239029736,0.01854248,0.244355835,0.048167181,0.227115379,0.156664423,0.238753998,0.190622998,0
0.219359,0.139558996,0.244884,0.084175751,0.280882532,0.102498092,0.402844526,0.285150815,0.580696724,0.064757967,0.247453518,0.113523099,0.103338807,0
0.12514,0.003686914,0.305968,0.208221813,0.422501713,0.047789651,0.311668637,0.199791311,0.170893323,0.031232927,0.378315565,0.441335424,0.257539297,0
0.130643,0.194825257,0.29375,0.186952457,0.159564554,0.422557804,0.277584701,0.693610266,0.011975121,0.259714059,0.038086886,0.488528678,0.271716593,0
0.137794,0.315606537,0.383513,0.047310159,0.174690553,0.055750934,0.051715329,0.092064267,0.000338501,0.008735359,0.174300821,0.174423479,0.110742951,0
0.249953,0.083623783,0.131229,0.188562399,0.245997748,0.005562229,0.451452294,0.070362466,0.269342767,0.05620771,0.177007425,0.330745657,0.116784107,0
0.386463,0.196681343,0.147887,0.412238301,0.707690383,0.145921563,0.019547659,0.131139512,0.210824869,0.661655757,0.037619945,0.162358965,0.36268174,0
0.265069,0.097910216,0.003939,0.086445221,0.435988542,0.091533529,0.118985815,0.250925261,0.13415634,0.544418168,0.326792403,0.103763848,0.164407142,0
0.397231,0.316144289,0.472018,0.08702753,0.185527128,0.164454378,0.04452646,0.357134435,0.055219971,0.045769527,0.4225224,0.059431394,0.500193925,0
0.09966,0.350829539,0.089738,0.149261156,0.157512368,0.265387102,0.311108351,0.372076505,0.024594147,0.383694802,0.121525499,0.10982111,0.083573128,0
0.13627,0.196199211,0.235231,0.23576419,0.073559356,0.340809075,0.407655613,0.22474378,0.00957478,0.130519686,0.332653217,0.234782237,0.384343594,0
0.027857,0.064961467,0.113495,0.040881419,0.019684162,0.569302477,0.006626544,0.187114707,0.419263549,0.038879642,0.41542615,0.146467814,0.364455044,0
0.068325,0.222945173,0.055708,0.284000433,0.202773506,0.165268403,0.138691292,0.406412008,0.166417203,0.081676514,0.181349897,0.090939474,0.054802556,0
0.15787,0.002198368,0.034578,0.360264774,0.131697983,0.030563924,0.084002097,0.063590605,0.027546143,0.196130204,0.216944475,0.346127462,0.221257879,0
0.213314,0.029770138,0.117806,0.044743415,0.226421279,0.057792491,0.360339237,0.091063843,0.476876263,0.176492509,0.294774069,0.020156518,0.031823679,0
0.121377,0.120880341,0.12052,0.180935743,0.129905488,0.012038282,0.2600334,0.337354321,0.105716029,0.038618036,0.228156377,0.285753657,0.510316592,0
0.26172,0.084415673,0.007675,0.106478623,0.045498307,0.009547931,0.11041912,0.329049876,0.484677083,0.069253427,0.179902151,0.121813825,0.185841632,0
0.122577,0.217158741,0.49462,0.01840274,0.245108604,0.215596094,0.189136306,0.070711372,0.162337233,0.002667134,0.108127447,0.190156917,0.380067349,0
0.349156,0.419025112,0.442523,0.507696385,0.58702223,0.317006985,0.374924039,0.076366278,0.07191655,0.366933865,0.549953241,0.148472923,0.474059327,0
0.471107,0.027421462,0.233923,0.099861012,0.066162331,0.278212196,0.153561295,0.196106662,0.257458033,0.029058978,0.319201275,0.374119346,0.318971542,0
0.045959,0.307300432,0.197008,0.347086621,0.09783643,0.571764569,0.209780556,0.165127868,0.205054425,0.090614644,0.18778333,0.186719673,0.056929211,0
0.08084,0.101915517,0.129167,0.059885241,0.111422897,0.354607659,0.003425064,0.277853417,0.002239696,0.377065699,0.075935143,0.161904382,0.203806865,0
0.137734,0.017919924,0.067813,0.032601474,0.203870756,0.020905416,0.06380376,0.042870658,0.34778345,0.308232171,0.144351763,0.02419347,0.188270762,0
0.616526,0.151300254,0.342835,0.258241812,0.073683756,0.175618557,0.036676081,0.132488723,0.431794464,0.172724068,0.286919875,0.29742318,0.008550098,0
0.17958,0.331613232,0.333258,0.050953956,0.629863729,0.076524947,0.325897973,0.255742962,0.165847981,0.255987436,0.122736626,0.064809378,0.020797552,0
0.198548,0.083320924,0.229601,0.033671495,0.195656918,0.413918864,0.094322507,0.271226427,0.170843161,0.011072486,0.15623113,0.171686378,0.322009852,0
0.292557,0.437054258,0.086474,0.315615027,0.028079138,0.182334668,0.36688159,0.206488738,0.518595989,0.180081039,0.459346005,0.057222077,0.798419079,0
0.376391,0.043692145,0.401815,0.031159167,0.088354491,0.138894762,0.042916538,0.217175431,0.296444195,0.347676337,0.12435815,0.323545859,0.281508763,0
0.183886,0.091648591,0.296418,0.282989733,0.297049632,0.192112992,0.301581552,0.219333514,0.055473653,0.29156439,0.08543001,0.079447534,0.151683998,0
0.016486,0.059428618,0.224369,0.226046835,0.145079445,0.134651675,0.361287669,0.269795249,0.309769248,0.011823007,0.614451923,0.37989312,0.165778294,0
0.042401,0.185053033,0.074822,0.030374398,0.022779657,0.266387518,0.387580674,0.211482436,0.297885567,0.259135362,0.181244462,0.129690181,0.032444545,0
0.098847,0.312947403,0.17219,0.003362383,0.422601791,0.153879168,0.253407036,0.425944285,0.00869793,0.166934637,0.512886538,0.605367909,0.215880684,0
0.115079,0.054141128,0.301609,0.073399845,0.29588435,0.138357098,0.581313332,0.149153472,0.288452752,0.004039481,0.003882687,0.113100575,0.127864384,0
0.313402,0.058381404,0.160682,0.134935099,0.096350539,0.213793502,0.186192185,0.311315891,0.226820543,0.233025021,0.064591589,0.253900422,0.32721342,0
0.160856,0.109443452,0.193297,0.133073244,0.449434839,0.079654104,0.26513732,0.151556233,0.316688748,0.018553818,0.149962168,0.163834536,0.309068343,0
0.089727,0.012010289,0.149107,0.290801581,0.158314803,0.130092264,0.433222217,0.083325127,0.143337237,0.137894185,0.156213063,0.124124189,0.186297816,0
0.037911,0.115179311,0.008147,0.352139193,0.334983332,0.131975317,0.603586958,0.022513195,0.446333982,0.6394895,0.325285826,0.079454518,0.039665786,0
0.071783,0.046773371,0.001374,0.198825033,0.013327871,0.277997091,0.138404892,0.22815071,0.340128968,0.095042974,0.297797362,0.421868173,0.081464691,0
0.092011,0.053324264,0.209099,0.029190818,0.124298084,0.070419668,0.107920194,0.433370237,0.156722758,0.212962165,0.170521269,0.111866627,0.044339639,0
0.352669,0.104324086,0.25074,0.317905089,0.281721212,0.322840346,0.098039177,0.093026393,0.072359269,0.152846994,0.12632472,0.278211466,0.321721673,0
0.361971,0.111521443,0.171435,0.55910347,0.161730372,0.018778958,0.074602638,0.477687631,0.097458618,0.099913142,0.093892754,0.29215748,0.350674354,0
0.473314,0.261890852,0.128318,0.312806585,0.168593497,0.453175841,0.103833722,0.526840713,0.179930317,0.223997436,0.12958941,0.067911794,0.015200578,0
0.113044,0.011637884,0.284365,0.104536414,0.595825185,0.54194735,0.224346399,0.412683431,0.138941265,0.189137202,0.325045851,0.262895781,0.232694437,0
0.184496,0.277472292,0.130365,0.150336975,0.241927954,0.028015735,0.001285072,0.322464745,0.323993069,0.329204292,0.523818326,0.084783231,0.380701341,0
0.308442,0.134458216,0.433813,0.21733953,0.170130988,0.215844499,0.265083808,0.013420309,0.015371312,0.273978052,0.08417134,0.181901691,0.366429769,0
0.1,0.232,0.261265,0.89767,0.878,0.09898,0.786,0.12323,0.54654,0.423,0.21343,0.53453,0.454351,0
0.363718,0.083319901,0.88,0.291599219,0.325604654,0.51605078,0.092625735,0.118215325,0.392161174,0.007730514,0.237792248,0.184538654,0.044464715,0
0.836579,0.14833418,0.087096483,0.252375692,0.294319834,0.461509938,0.269131764,0.197987462,0.045188794,0.032441917,0.535816392,0.495071493,0.503778979,0
0.108929,0.077145961,0.113864413,0.431695131,0.27218958,0.176510987,0.036169399,0.084024317,0.416140089,0.062585381,0.071631165,0.295943184,0.452791509,0
0.313756,0.058329902,0.435310986,0.483391053,0.172676074,0.018148968,0.390160963,0.262330167,0.109126248,0.040122189,0.108981556,0.315925666,0.090508134,0
0.212033,0.189283461,0.037701431,0.0473987,0.215920987,0.069673717,0.019414984,0.002923623,0.585981069,0.082197201,0.088849797,0.254189325,0.373067782,0
0.012706,0.355164099,0.039174108,0.019803487,0.118527249,0.12860578,0.300465732,0.213965182,0.050680123,0.297241889,0.007979774,0.736005237,0.180258854,0
0.06808,0.136801607,0.005003212,0.054433958,0.415622889,0.181700869,0.261794529,0.399124887,0.207473512,0.082828971,0.037345745,0.14964092,0.35893402,0
0.080568,0.357202281,0.030370758,0.16332719,0.228713416,0.135219669,0.341963512,0.074182388,0.056281154,0.099637598,0.017535068,0.103765818,0.290025258,0
0.240384,0.114244149,0.030766218,0.153653931,0.247656689,0.065151723,0.111790886,0.16240221,0.065188021,0.132129916,0.620995924,0.238125036,0.187564771,0
0.272018,0.187787126,0.358751042,0.366830611,0.301887651,0.10283886,0.173476733,0.097848187,0.133693219,0.100017511,0.325306655,0.044577808,0.543316915,0
0.326217,0.053815098,0.093555614,0.013035674,0.085449129,0.063517626,0.316834444,0.200331666,0.083216734,0.072911743,0.000308968,0.376725173,0.021940233,0
0.181657,0.264637502,0.423444941,0.228244041,0.088147004,0.37115319,0.208573451,0.235620797,0.177446219,0.181010626,0.287318849,0.339648249,0.273311821,0
0.194613,0.309498125,0.341618927,0.290966632,0.729240094,0.144150153,0.356049923,0.41895296,0.014146426,0.564851216,0.247585186,0.135714606,0.141049923,0
0.20567,0.096167756,0.044410657,0.043820262,0.115817073,0.545258528,0.253301458,0.29205916,0.119157174,0.110720868,0.081388066,0.339845523,0.001827005,0
0.04087,0.333842611,0.074551992,0.489617328,0.34031681,0.338716668,0.005137326,0.318347047,0.0092729,0.325395811,0.101751486,0.23882939,0.431763736,0
0.527026,0.090948483,0.138841928,0.259028573,0.275474964,0.450280279,0.089634366,0.147300608,0.229922605,0.238128185,0.037921502,0.100777856,0.154402128,0
0.17826,0.057218422,0.530680133,0.099922815,0.412053787,0.506843412,0.272027736,0.097502666,0.028360704,0.237817458,0.179983807,0.144612365,0.068573331,0
0.20628,0.114099427,0.123851922,0.057674246,0.50095135,0.087194091,0.19832352,0.315660675,0.297345411,0.13675481,0.047752327,0.044533535,0.335802473,0
0.120029,0.306574993,0.161390503,0.026514887,0.513846845,0.28824181,0.426678653,0.62206749,0.024582571,0.267807021,0.351639268,0.155356465,0.27877812,0
0.378709,0.30136039,0.150690108,0.095319517,0.188807841,0.041539692,0.274487331,0.035426651,0.250232315,0.023823236,0.161910355,0.109649191,0.060591562,0
0.038605,0.130365231,0.219225542,0.136228446,0.169797411,0.029397038,0.076136101,0.260957388,0.165392154,0.489274252,0.326746934,0.267950463,0.61625749,0
0.101748,0.342675634,0.398191834,0.134261262,0.170866789,0.067516952,0.101315153,0.398973604,0.218426226,0.083777724,0.467904012,0.174923404,0.074560404,0
0.334803,0.128992051,0.035903023,0.040316708,0.272336106,0.441588805,0.05534662,0.361583842,0.032553591,0.398648334,0.233970823,0.270253914,0.021907507,0
0.232466,0.058428259,0.108552363,0.131846332,0.030614356,0.333799189,0.496696677,0.141183079,0.424614069,0.049434305,0.159002748,0.148206566,0.234112506,0
0.064505,0.184524602,0.453900052,0.49675421,0.066161425,0.390277058,0.059955075,0.072345669,0.079548708,0.167825414,0.470924379,0.102316408,0.069060819,0
0.002979,0.228385946,0.063587271,0.254890016,0.171303243,0.225042908,0.375402979,0.164567167,0.188946309,0.370277398,0.094962864,0.045762056,0.198085814,0
0.254203,0.079941699,0.004252351,0.075511564,0.191519753,0.066595651,0.003184904,0.049067941,0.129548139,0.119165668,0.183730612,0.160350621,0.080539689,0
0.018584,0.204125055,0.368396653,0.07068093,0.042735175,0.564083483,0.238388783,0.035286326,0.113237988,0.444270444,0.088269369,0.123506046,0.203486158,0
0.513048,0.080230638,0.152396673,0.145303167,0.185421473,0.144495982,0.011331395,0.286964276,0.781679867,0.220538024,0.11117193,0.00917065,0.196978887,0
0.005048,0.428681338,0.428817176,0.259954588,0.047475375,0.328214484,0.485514528,0.093009001,0.091931767,0.39888648,0.596326504,0.137817407,0.307160223,0
0.094815,0.080725816,0.090950175,0.085939511,0.026623739,0.024899258,0.121921254,0.08961429,0.176475563,0.362267627,0.029096241,0.094282443,0.004326232,0
0.095831,0.278158131,0.102627536,0.209568507,0.217730585,0.115989301,0.025985549,0.163438538,0.16690882,0.373437187,0.540111746,0.084449983,0.092656264,0
0.066125,0.509932023,0.126791931,0.065722682,0.180287631,0.075774666,0.168971883,0.050640803,0.059126329,0.042158727,0.029044874,0.277793158,0.093537522,0
0.279554,0.432773739,0.424505983,0.065601904,0.081018836,0.138079762,0.202164889,0.218770185,0.025316909,0.331404315,0.201956923,0.23240444,0.012626264,0
0.19614,0.089523686,0.22036406,0.723256524,0.101570158,0.324872977,0.263494728,0.169984755,0.264249592,0.385899551,0.161763676,0.27626883,0.109624738,0
0.184568,0.195339911,0.068931182,0.014833408,0.336277863,0.340908995,0.391554746,0.069502933,0.076498949,0.051643601,0.011830582,0.395148042,0.138102898,0
0.401452,0.036517691,0.031434338,0.07607198,0.175419771,0.09332171,0.417454223,0.172736149,0.340218683,0.161945239,0.012940958,0.226826584,0.014971305,0
0.060034,0.443585623,0.094843076,0.37357033,0.020910407,0.03820176,0.090078874,0.056976373,0.064716641,0.233357303,0.255748948,0.231477905,0.013654762,0
0.116798,0.048411766,0.246895568,0.213856364,0.463966256,0.045540243,0.076668127,0.384262527,0.099019712,0.188618978,0.102703972,0.187967151,0.388466483,0
0.109634,0.131952001,0.179610066,0.204195748,0.279405578,0.360193472,0.193886619,0.194427208,0.295914204,0.059804631,0.069191779,0.206034871,0.121016347,0
0.080031,0.381721894,0.042398573,0.328265844,0.311255819,0.44984139,0.440030859,0.033427912,0.194058515,0.217661327,0.273146926,0.092582393,0.033969983,0
0.555759,0.199306104,0.046407369,0.328558143,0.090181073,0.396627366,0.311472512,0.50895551,0.103826193,0.385070082,0.151385302,0.336387248,0.262622662,0
0.250545,0.101334113,0.478778464,0.237942212,0.238106723,0.361673344,0.737523441,0.610424672,0.144685967,0.295718841,0.203462468,0.105080976,0.148855295,0
0.014997,0.104954292,0.128996141,0.010216839,0.018194348,0.031983458,0.415323403,0.099444983,0.003971486,0.096456152,0.020615059,0.58416325,0.192278166,0
0.324908,0.138124164,0.304862246,0.072593951,0.119575529,0.375341991,0.10908408,0.091895072,0.0032948,0.120531076,0.032520604,0.210324133,0.558467586,0
0.21914,0.334500636,0.258534975,0.326827198,0.368709445,0.13554973,0.21792337,0.267409483,0.294808924,0.332910157,0.040477484,0.115135164,0.145378165,0
0.013844,0.026560186,0.013896846,0.375315042,0.192817885,0.326742424,0.267958588,0.231877644,0.114268745,0.066242025,0.020845648,0.349824706,0.14006668,0
0.294759,0.077145325,0.048829771,0.111105933,0.195602824,0.086614103,0.434393463,0.19420922,0.10093902,0.268711403,0.103584759,0.062236429,0.05404288,0
0.13793,0.007160583,0.232307826,0.070058924,0.26954552,0.187553402,0.10947785,0.106490929,0.05081484,0.15626848,0.085100992,0.091298758,0.230122544,0
0.092438,0.31735524,0.122420424,0.189171319,0.137052615,0.069461775,0.191834028,0.189346927,0.151094912,0.012721811,0.092166945,0.143961433,0.113641963,0
0.268596,0.277619216,0.162951585,0.455662108,0.07421692,0.103138911,0.182979671,0.072512024,0.379206922,0.080409528,0.246232686,0.241401251,0.001439135,0
0.098744,0.121135653,0.218004803,0.098588941,0.134405925,0.05488419,0.145954071,0.25648065,0.107685937,0.266275801,0.023213435,0.161368434,0.277407784,0
0.103722,0.410391798,0.009063141,0.299495494,0.186721747,0.070820841,0.003435042,0.294886752,0.208996276,0.382319318,0.362608606,0.476691994,0.249073668,0
0.1066,0.204350429,0.17671638,0.1307465,0.046445676,0.133757111,0.304439597,0.302164119,0.148462941,0.123241002,0.408766493,0.172460176,0.207377824,0
0.503539,0.212737365,0.157795514,0.044967348,0.178940723,0.218284664,0.395878638,0.046667212,0.162037238,0.134379167,0.020844378,0.133879613,0.062999443,0
0.011561,0.003380783,0.200753275,0.128144779,0.092352533,0.271141959,0.258820532,0.222665637,0.317082664,0.086572392,0.274464927,0.190622998,0.335266284,0
0.1467,0.225475194,0.202350846,0.047381349,0.21919329,0.286023827,0.299542901,0.404040703,0.02531552,0.172265145,0.063259067,0.103338807,0.242248735,0
0.06275,0.132050199,0.158864828,0.582201506,0.056642997,0.459989432,0.011124218,0.205294133,0.485176976,0.07035707,0.252852871,0.257539297,0.341886344,0
0.163409,0.186682479,0.233752382,0.114711148,0.012695961,0.074525979,0.326768124,0.352611498,0.275467726,0.146385886,0.271968284,0.271716593,0.231499344,0
0.199862,0.238005809,0.054567663,0.009083514,0.039261203,0.222033352,0.309005102,0.240809171,0.253096251,0.09904886,0.05374018,0.110742951,0.025268751,0
0.021044,0.21086919,0.169847513,0.220967732,0.093098106,0.032637432,0.504861846,0.068321532,0.155956069,0.02001631,0.512409893,0.116784107,0.20561665,0
0.007341,0.266848218,0.545878262,0.218169085,0.253265631,0.308876817,0.202104952,0.393736891,0.317695851,0.185876814,0.141600692,0.36268174,0.178425302,0
0.08772,0.032719883,0.147985212,0.077689069,0.450139135,0.197917258,0.206235651,0.062797254,0.444005432,0.041797841,0.090216961,0.164407142,0.08553665,0
0.411195,0.178175096,0.161714228,0.347637046,0.119371249,0.169202161,0.306779559,0.118139305,0.232524209,0.052671537,0.265806671,0.500193925,0.153473545,0
0.00609,0.091404749,0.063733282,0.006482928,0.224761336,0.279775533,0.059287162,0.324879123,0.440634223,0.097537988,0.105113497,0.083573128,0.004257569,0
0.124066,0.139034723,0.091594792,0.409517818,0.176399845,0.148095936,0.336253405,0.133231402,0.146247693,0.453797466,0.456581885,0.384343594,0.020635319,0
0.015875,0.084876375,0.056949109,0.139217184,0.151027636,0.506412292,0.814204846,0.602665202,0.068233145,0.166808509,0.131117558,0.364455044,0.100303339,0
0.085696,0.007988926,0.617896535,0.403456933,0.037440153,0.377643486,0.067724967,0.296384273,0.065308056,0.464067513,0.279622985,0.054802556,0.112507841,0
0.185425,0.20399622,0.15295514,0.104902544,0.354337718,0.016830148,0.418283487,0.141851939,0.190928296,0.1928659,0.141656019,0.221257879,0.185021265,0
0.091882,0.029966466,0.066460151,0.211225773,0.290041214,0.26538224,0.251574501,0.291255958,0.167923346,0.271233553,0.130676924,0.031823679,0.33416208,0
0.056535,0.130381186,0.826346242,0.068868891,0.261017523,0.089401432,0.04992695,0.068308965,0.108513444,0.274631434,0.01556124,0.510316592,0.229207374,0
0.171124,0.150885515,0.198670772,0.039963101,0.279111369,0.443321488,0.1878891,0.200374253,0.267289599,0.298255679,0.207832286,0.185841632,0.240038158,0
0.056956,0.224815873,0.19292257,0.201062089,0.181704588,0.07823366,0.28284822,0.405019742,0.063091225,0.616075827,0.017371438,0.380067349,0.082483591,0
0.161617,0.050748487,0.274671237,0.07096687,0.281219302,0.28087443,0.106479263,0.289973241,0.259445328,0.261970633,0.40956128,0.474059327,0.314689522,0
0.177369,0.130919507,0.029246685,0.161635404,0.174302692,0.260278235,0.039028368,0.106763352,0.251495531,0.093581861,0.104721199,0.318971542,0.021729809,0
0.343342,0.077950419,0.09215582,0.054686718,0.122211729,0.144228417,0.138332493,0.097967027,0.089614957,0.041949779,0.309674663,0.056929211,0.022514045,0
0.362952,0.386168334,0.00867259,0.226461719,0.56341901,0.208988938,0.366338041,0.08822155,0.154801678,0.373552412,0.09400005,0.203806865,0.282990056,0
0.039311,0.372229586,0.02934902,0.324092503,0.201937957,0.15641887,0.488159538,0.04411203,0.202682392,0.069561786,0.181532049,0.188270762,0.366941056,0
0.014567,0.020254877,0.411923387,0.248131632,0.040245918,0.363609379,0.08245567,0.264535818,0.27017762,0.292007861,0.069047783,0.008550098,0.135073323,0
0.022075,0.183895478,0.011074494,0.497136294,0.023086668,0.280803415,0.036646232,0.179324171,0.022601855,0.018949241,0.099544976,0.020797552,0.183207433,0
0.372817,0.036120626,0.255741859,0.176902331,0.099130633,0.056522872,0.121737522,0.291675737,0.126354628,0.185449778,0.250943648,0.322009852,0.516423185,0
0.35987,0.101817279,0.126397511,0.456911472,0.433819462,0.068384422,0.331526366,0.170026636,0.150873952,0.009271818,0.07103901,0.798419079,0.267335729,0
0.119089,0.281678031,0.041226931,0.282289918,0.191205519,0.161715175,0.015856396,0.30167213,0.007806581,0.455449018,0.346392902,0.281508763,0.304131824,0
0.084765,0.311059581,0.054684435,0.430072966,0.372011589,0.141873267,0.060351066,0.034826836,0.004305387,0.345032789,0.166165987,0.151683998,0.001177179,0
0.069343,0.023561292,0.136896514,0.119327944,0.32234853,0.039592883,0.000801865,0.164865895,0.296127814,0.384599433,0.234397988,0.165778294,0.510298439,0
0.314578,0.441260608,0.028206688,0.095297862,0.270365462,0.199762061,0.264474669,0.009876775,0.208787649,0.214566019,0.062791613,0.032444545,0.259660305,0
0.365591,0.324771288,0.042105939,0.22884689,0.321395545,0.259744494,0.111508661,0.037930572,0.427659319,0.334211443,0.114408537,0.215880684,0.477927145,0
0.05395,0.179116007,0.241322085,0.389138586,0.161398008,0.311414964,0.071785114,0.079512104,0.328153882,0.164217622,0.039584912,0.127864384,0.317005291,0
0.387527,0.083141773,0.540615339,0.115319925,0.059303555,0.37559646,0.196288624,0.001447425,0.070959016,0.051157842,0.233655607,0.32721342,0.174282898,0
0.144439,0.260435689,0.098118646,0.411881209,0.176396381,0.579192493,0.095968569,0.364289957,0.201595411,0.015573642,0.266079522,0.309068343,0.239221754,0
0.098399,0.222840873,0.421000404,0.058065472,0.122466404,0.255985367,0.060401238,0.104614114,0.148998064,0.25412486,0.17905669,0.186297816,0.126358932,0
0.259858,0.371905621,0.231323512,0.392587195,0.238059276,0.052160819,0.00975664,0.134901919,0.138613056,0.353029542,0.098326144,0.039665786,0.335776852,0
0.384078,0.194850247,0.04402372,0.302858007,0.242792601,0.169511833,0.115797211,0.2270516,0.433078728,0.26631253,0.183942293,0.081464691,0.1669388,0
0.135858,0.003814518,0.462896688,0.110919464,0.053759311,0.047221779,0.059012158,0.000523927,0.205771655,0.094534735,0.393985847,0.044339639,0.177804727,0
0.272295,0.155014064,0.323924318,0.37270824,0.361750681,0.093588816,0.487158219,0.210990522,0.194740089,0.010204872,0.162072672,0.321721673,0.381912998,0
0.105414,0.042498136,0.153313856,0.35928395,0.177474278,0.168270056,0.098090394,0.216299024,0.326150231,0.305458756,0.309052389,0.350674354,0.182866822,0
0.317588,0.170530378,0.174422411,0.098637681,0.540766302,0.180473809,0.238922816,0.044774647,0.443885117,0.357595977,0.07104281,0.015200578,0.296712163,0
0.103916,0.330684538,0.078504655,0.171757688,0.04425052,0.204494833,0.358218962,0.068078934,0.245153006,0.178462148,0.362510903,0.232694437,0.043756312,0
0.057924,0.384820303,0.199965337,0.157272099,0.029094934,0.606976392,0.025233106,0.061696812,0.284504514,0.515548563,0.304331714,0.380701341,0.114752274,0
0.022393,0.229157251,0.50401657,0.216669692,0.174589387,0.220698872,0.252145365,0.198516734,0.060491472,0.033251094,0.101555226,0.366429769,0.002815214,0
0.1,0.32,0.450359457,0.909,0.987978,0.89786,0.56577,0.342,0.45345,0.43534,0.4534,0.343242,0.23432,0
0.177396,0.099960149,0.66,0.39489603,0.024897563,0.293065352,0.058832293,0.033886586,0.400743055,0.282980144,0.401732501,0.044464715,0.401732501,0
0.037755,0.098883769,0.013885246,0.097078569,0.098287479,0.190513794,0.275264702,0.33583144,0.245519291,0.769729615,0.025765205,0.503778979,0.025765205,0
0.041339,0.187481913,0.15021059,0.303034923,0.324498617,0.681458042,0.031569398,0.244905031,0.187815091,0.136081593,0.050565191,0.452791509,0.050565191,0
0.147658,0.156564544,0.401891914,0.386354754,0.023474281,0.060535339,0.347930077,0.01363603,0.092658078,0.271094022,0.178598324,0.090508134,0.178598324,0
0.365323,0.505965948,0.207444419,0.217511873,0.151662539,0.341628759,0.410350477,0.147776619,0.105323851,0.212316009,0.121050863,0.373067782,0.121050863,0
0.262584,0.432133061,0.556204572,0.218795921,0.097458738,0.028001388,0.178995366,0.275918575,0.093373062,0.001250974,0.12547422,0.180258854,0.12547422,0
0.106757,0.062552232,0.3091738,0.4236268,0.134892163,0.118921354,0.148584683,0.033658197,0.06370636,0.098672523,0.077263582,0.35893402,0.077263582,0
0.331751,0.332601783,0.012076993,0.049597342,0.125335316,0.058737464,0.255750124,0.055469362,0.022157736,0.361183005,0.03232242,0.290025258,0.03232242,0
0.061793,0.443128625,0.161656671,0.069537118,0.018598114,0.077717228,0.014138559,0.097694037,0.292848567,0.090946765,0.098256924,0.187564771,0.098256924,0
0.3648,0.30132687,0.002017448,0.212422157,0.432273962,0.229298969,0.281878215,0.321222097,0.091409203,0.191045072,0.001289057,0.543316915,0.001289057,0
0.319468,0.023655722,0.108414817,0.727263539,0.174984503,0.311596175,0.076214974,0.270654085,0.435938949,0.042436059,0.02295985,0.021940233,0.02295985,0
0.155585,0.203090981,0.278022328,0.236320198,0.331737424,0.030421333,0.162790566,0.409889958,0.28827345,0.02132104,0.015147867,0.273311821,0.015147867,0
0.338047,0.437061203,0.169615167,0.540563436,0.045482923,0.218982532,0.179012003,0.13692267,0.462710777,0.353031365,0.511798809,0.141049923,0.511798809,0
0.012745,0.006396842,0.122282724,0.128770412,0.099992459,0.017763917,0.154200687,0.204093564,0.345576934,0.175760636,0.267340424,0.001827005,0.267340424,0
0.041777,0.190510032,0.158678323,0.138563339,0.005669466,0.080280055,0.090440134,0.157990867,0.229030335,0.146708293,0.057193664,0.431763736,0.057193664,0
0.040011,0.084147827,0.250975221,0.286697812,0.172935846,0.454271509,0.029557172,0.59050924,0.131448033,0.185603464,0.051103926,0.154402128,0.051103926,0
0.146515,0.047991693,0.184842359,0.195168829,0.314927565,0.148536009,0.076377913,0.107823226,0.214075106,0.136406559,0.550912556,0.068573331,0.550912556,0
0.323226,0.023457447,0.019445835,0.244009023,0.02339834,0.239668274,0.324990901,0.442144409,0.117579277,0.408915474,0.14508748,0.335802473,0.14508748,0
0.220164,0.32596982,0.201477857,0.183988736,0.255642321,0.33485115,0.152646128,0.271028562,0.256184328,0.398439898,0.396495491,0.27877812,0.396495491,0
0.37125,0.060149039,0.171997283,0.237668125,0.417876063,0.20730138,0.012238855,0.60913073,0.175974098,0.083682367,0.227246316,0.060591562,0.227246316,0
0.224082,0.124418174,0.086732614,0.256669974,0.02194175,0.080025243,0.247793919,0.08200681,0.189815918,0.426263063,0.214931705,0.61625749,0.214931705,0
0.067205,0.55335158,0.145100005,0.106973123,0.306682526,0.328954411,0.027121317,0.281363102,0.079115405,0.128070771,0.142263172,0.074560404,0.142263172,0
0.09679,0.142349272,0.145603732,0.015038128,0.391895005,0.019191665,0.111121737,0.27163236,0.324615894,0.437719127,0.021634674,0.021907507,0.021634674,0
0.086178,0.041612326,0.039553695,0.527696444,0.254402728,0.400863131,0.104000391,0.565789663,0.022103918,0.123437271,0.485550556,0.234112506,0.485550556,0
0.146896,0.181279359,0.227559893,0.335762354,0.274440397,0.0318349,0.172016253,0.043892294,0.057863882,0.279994405,0.327651551,0.069060819,0.327651551,0
0.314414,0.427924828,0.053425426,0.282826023,0.028598844,0.289881262,0.008298471,0.137099245,0.321232518,0.067796979,0.358708753,0.198085814,0.358708753,0
0.161211,0.449506819,0.225376013,0.021135173,0.197581707,0.157585938,0.217167675,0.18719888,0.008619855,0.16406982,0.513331244,0.080539689,0.513331244,0
0.310969,0.485632697,0.267329212,0.005397844,0.524927305,0.281248185,0.43688678,0.309435049,0.169925124,0.079454102,0.588662161,0.203486158,0.588662161,0
0.628821,0.361150638,0.219538759,0.182289786,0.139037789,0.078278429,0.178987006,0.087572795,0.15149227,0.209050661,0.234354936,0.196978887,0.234354936,0
0.110527,0.093860548,0.097434399,0.147974945,0.179543062,0.179569383,0.458814024,0.195530219,0.255464697,0.118914651,0.152067836,0.307160223,0.152067836,0
0.151166,0.078601998,0.091580186,0.119288707,0.253448051,0.358732634,0.041237669,0.172327299,0.28984819,0.015295304,0.22286359,0.004326232,0.22286359,0
0.17571,0.320893352,0.161382803,0.367309306,0.154472965,0.071755047,0.037280639,0.229503723,0.161364331,0.319766629,0.217985421,0.092656264,0.217985421,0
0.026715,0.03902437,0.008223835,0.395661663,0.022437648,0.162285406,0.030381168,0.008267408,0.738875976,0.040518954,0.270810746,0.093537522,0.270810746,0
0.047518,0.108433871,0.753673892,0.105276421,0.095368661,0.748471476,0.126406727,0.19287061,0.017115495,0.174471866,0.062198442,0.012626264,0.062198442,0
0.242339,0.199599768,0.010657538,0.047613558,0.019050884,0.095350693,0.306946358,0.323008405,0.209223517,0.062429563,0.214289311,0.109624738,0.214289311,0
0.232429,0.121648554,0.267108356,0.439638607,0.302268871,0.322438846,0.236939936,0.087195669,0.307677202,0.188444534,0.167948519,0.138102898,0.167948519,0
0.512587,0.29247886,0.314966456,0.190425723,0.263948947,0.062492988,0.095043634,0.515998542,0.355197524,0.277469659,0.399267903,0.014971305,0.399267903,0
0.105282,0.038832094,0.227369598,0.102417844,0.095855185,0.07488836,0.213341156,0.211156472,0.106476644,0.221038821,0.234387527,0.013654762,0.234387527,0
0.124373,0.176603232,0.175755935,0.415098139,0.223424873,0.164586752,0.428003234,0.136661218,0.386115865,0.168092972,0.222922615,0.388466483,0.222922615,0
0.494499,0.435208141,0.283770692,0.072147664,0.202866443,0.112969932,0.379896873,0.080044237,0.051522373,0.151955033,0.392292044,0.121016347,0.392292044,0
0.150866,0.16274838,0.075622404,0.024288969,0.570818541,0.1217359,0.037166423,0.214680801,0.030872585,0.268669442,0.014502116,0.033969983,0.014502116,0
0.129066,0.130041524,0.6541856,0.043894438,0.078231215,0.069553828,0.190477697,0.297682021,0.120775208,0.043762755,0.308954977,0.262622662,0.308954977,0
0.170722,0.126216253,0.104383856,0.180531775,0.438207839,0.008871794,0.172962856,0.135905503,0.010225538,0.183727662,0.1405765,0.148855295,0.1405765,0
0.148929,0.214353779,0.074666357,0.149708747,0.063326387,0.082626037,0.013330022,0.205562859,0.540209655,0.121783736,0.205585381,0.192278166,0.205585381,0
0.076138,0.069914207,0.063046024,0.227476532,0.110819692,0.395396292,0.24186989,0.155785263,0.047874075,0.335230365,0.243303856,0.558467586,0.243303856,0
0.287897,0.201545351,0.072672083,0.386428956,0.05520545,0.296719835,0.147906461,0.051778107,0.222539116,0.293371673,0.008100224,0.145378165,0.008100224,0
0.147581,0.131207171,0.322355383,0.317817434,0.244608602,0.200407267,0.161249437,0.303619562,0.29632424,0.153598903,0.158945466,0.14006668,0.158945466,0
0.335059,0.265546556,0.212022078,0.052663525,0.109928654,0.18293789,0.030258381,0.171850326,0.208248368,0.214738214,0.066183939,0.05404288,0.066183939,0
0.069303,0.032626796,0.591984289,0.094654862,0.052060897,0.290067855,0.036770351,0.097328148,0.298165651,0.110234023,0.355571528,0.230122544,0.355571528,0
0.00146,0.089796129,0.025331753,0.031562118,0.085840558,0.424587675,0.114952406,0.212210883,0.04716042,0.007338786,0.038847524,0.113641963,0.038847524,0
0.353428,0.094636862,0.181015827,0.031275776,0.194314243,0.275329411,0.418908197,0.477686633,0.209897717,0.362405273,0.239851386,0.001439135,0.239851386,0
0.271557,0.251280738,0.066294266,0.257690677,0.323541842,0.241365867,0.257367501,0.244416713,0.184468099,0.097772064,0.073047344,0.277407784,0.073047344,0
0.306748,0.176197529,0.187695528,0.235222951,0.428362835,0.11125561,0.186367211,0.404689033,0.026565975,0.084899336,0.396331699,0.249073668,0.396331699,0
0.040048,0.033448187,0.268566506,0.391875658,0.106935193,0.383993151,0.009064727,0.415202787,0.101362917,0.076149391,0.114622952,0.207377824,0.114622952,0
0.066045,0.259085716,0.24019515,0.076652524,0.05844991,0.100142154,0.182734467,0.018497593,0.178788256,0.084605533,0.007245946,0.062999443,0.007245946,0
0.149678,0.350383789,0.159222832,0.092559785,0.334937232,0.162934083,0.226375907,0.132773017,0.033880902,0.294139263,0.025487791,0.335266284,0.025487791,0
0.011338,0.385813086,0.003421781,0.193650977,0.301751087,0.300834144,0.45036926,0.084478141,0.282842325,0.021842713,0.31052836,0.242248735,0.31052836,0
0.254122,0.129161169,0.220372161,0.161389396,0.163747326,0.382724047,0.004330308,0.115066116,0.480608717,0.145391383,0.156633851,0.341886344,0.156633851,0
0.272107,0.119110435,0.183429437,0.185524621,0.311275767,0.410438552,0.097916927,0.068261806,0.146286164,0.016739783,0.197314305,0.231499344,0.197314305,0
0.458065,0.233702926,0.439708279,0.244591414,0.293715374,0.06459644,0.743024367,0.285332395,0.381892999,0.29537699,0.216085049,0.025268751,0.216085049,0
0.022542,0.074249964,0.023923672,0.217716674,0.05181189,0.239916672,0.327763448,0.335254461,0.092792077,0.556121509,0.041825726,0.20561665,0.041825726,0
0.071565,0.188660902,0.234480839,0.131244106,0.117195874,0.047469766,0.083595594,0.070303909,0.091882576,0.275415147,0.266569472,0.178425302,0.266569472,0
0.282299,0.178858096,0.018856673,0.283508203,0.083486831,0.094239615,0.309178658,0.204261858,0.377392947,0.196365199,0.226720664,0.08553665,0.226720664,0
0.299735,0.163133506,0.036235482,0.185571214,0.031970412,0.132919263,0.009192859,0.433934794,0.064650418,0.201905074,0.197677059,0.153473545,0.197677059,0
0.04611,0.535101848,0.039581854,0.121101438,0.167445114,0.002986305,0.33346318,0.311091139,0.04334669,0.00097293,0.15279778,0.004257569,0.15279778,0
0.062914,0.16212488,0.148039355,0.066138727,0.36498091,0.216617236,0.002698177,0.103492114,0.232438851,0.225517883,0.144292947,0.020635319,0.144292947,0
0.125434,0.142396341,0.022210792,0.185046432,0.340654189,0.022153146,0.140065679,0.116349716,0.174666761,0.048362644,0.146685868,0.100303339,0.146685868,0
0.397898,0.325537021,0.041385902,0.509899243,0.147364663,0.174594885,0.262376032,0.197207363,0.208721774,0.240962806,0.095934259,0.112507841,0.095934259,0
0.478196,0.112936812,0.032927959,0.360787858,0.198394249,0.392079277,0.098643783,0.558468035,0.13464768,0.119207879,0.386157949,0.185021265,0.386157949,0
0.273891,0.181379551,0.020309951,0.460459976,0.091541794,0.077385568,0.102174229,0.334986139,0.017013679,0.221581631,0.449121961,0.33416208,0.449121961,0
0.065301,0.026820324,0.058295529,0.021485825,0.0329169,0.082843625,0.139169372,0.302561099,0.144282293,0.353177608,0.197226932,0.229207374,0.197226932,0
0.185731,0.210181687,0.569016509,0.080817599,0.089840459,0.038559582,0.279325875,0.100757547,0.02076904,0.474110137,0.180145049,0.240038158,0.180145049,0
0.106736,0.123061324,0.614296928,0.11152939,0.134429381,0.369055875,0.213974933,0.023102583,0.022770622,0.049561963,0.029451958,0.082483591,0.029451958,0
0.070088,0.051658595,0.064243892,0.26685948,0.009729098,0.045586065,0.032571809,0.179291678,0.2278688,0.015248778,0.058278605,0.314689522,0.058278605,0
0.154844,0.201455346,0.54591876,0.120481938,0.067183596,0.194491647,0.383735625,0.204381118,0.507027299,0.04476433,0.241470282,0.021729809,0.241470282,0
0.256584,0.145996819,0.055380727,0.136583644,0.064906923,0.400170733,0.081247854,0.233784944,0.317953496,0.464881451,0.479415998,0.022514045,0.479415998,0
0.147184,0.261881375,0.206310042,0.13561273,0.166572092,0.383614913,0.396533382,0.401060871,0.392081786,0.322631281,0.174816566,0.282990056,0.174816566,0
0.076247,0.386825545,0.129352926,0.365311947,0.0913161,0.353989441,0.15241008,0.381165281,0.125861596,0.056346574,0.127669081,0.366941056,0.127669081,0
0.155607,0.494545395,0.16095129,0.004013575,0.151125347,0.129097374,0.092306392,0.152177531,0.169073676,0.122683282,0.290900909,0.135073323,0.290900909,0
0.776254,0.178986872,0.005268659,0.225212987,0.104680613,0.175467078,0.23311408,0.06497987,0.255362789,0.221897162,0.098034076,0.183207433,0.098034076,0
0.133385,0.054600942,0.162454213,0.065473348,0.261825917,0.218275657,0.125659239,0.167463886,0.080149064,0.239056661,0.155106803,0.516423185,0.155106803,0
0.2785,0.529265073,0.253593661,0.098820559,0.205098795,0.390623589,0.029394419,0.17965058,0.255317021,0.133350323,0.077905666,0.267335729,0.077905666,0
0.239289,0.060107111,0.171053605,0.322427843,0.242193444,0.383610486,0.0602083,0.198933221,0.376369891,0.056082314,0.595512864,0.304131824,0.595512864,0
0.000381,0.274740414,0.180132872,0.053581466,0.213672906,0.105072096,0.503290894,0.298899838,0.078480006,0.439622041,0.225733605,0.001177179,0.225733605,0
0.002829,0.200364714,0.022521444,0.296836093,0.065273638,0.069706249,0.241038045,0.344035584,0.176995234,0.457771085,0.199362575,0.510298439,0.199362575,0
0.247096,0.157225969,0.041991581,0.175132443,0.052084753,0.084377167,0.365464715,0.074941399,0.085414723,0.255043805,0.247036185,0.259660305,0.247036185,0
0.234397,0.034676148,0.153502582,0.259066487,0.279471052,0.068792674,0.29431744,0.17459758,0.096445214,0.536128317,0.172761684,0.477927145,0.172761684,0
0.132157,0.048357879,0.14217075,0.096823622,0.159794234,0.349741696,0.210523991,0.560454606,0.05386223,0.763855257,0.412445662,0.317005291,0.412445662,0
0.197135,0.055247142,0.018788798,0.056767606,0.039831958,0.016180197,0.209387133,0.190931156,0.304946131,0.21184143,0.081890586,0.174282898,0.081890586,0
0.230052,0.321393891,0.159092215,0.227102784,0.149493994,0.209820192,0.108259151,0.120066841,0.24131119,0.031266188,0.302832054,0.239221754,0.302832054,0
0.048154,0.04168354,0.032750514,0.050145868,0.268305615,0.421567605,0.400579256,0.330774001,0.071911948,0.058739865,0.138266426,0.126358932,0.138266426,0
0.053486,0.000401085,0.354413762,0.025760318,0.226318458,0.094462931,0.053372292,0.001868013,0.247760036,0.069517885,0.366936917,0.335776852,0.366936917,0
0.001601,0.426768064,0.194347294,0.138920689,0.277954604,0.198482563,0.16381738,0.205520597,0.356853282,0.130845188,0.11614776,0.1669388,0.11614776,0
0.000732,0.239992153,0.227133245,0.220843815,0.078813238,0.044404767,0.036874237,0.117689313,0.170287137,0.000775881,0.214791837,0.177804727,0.214791837,0
0.20923,0.132940007,0.455097984,0.100971799,0.017857896,0.013295242,0.127627498,0.048791763,0.0804092,0.121064652,0.350773183,0.381912998,0.350773183,0
0.075095,0.172173327,0.164281891,0.041603162,0.499487389,0.330987329,0.126526462,0.243758261,0.28162987,0.020038447,0.0172712,0.182866822,0.0172712,0
0.407322,0.346696188,0.291819005,0.107659655,0.34465065,0.083881429,0.212340889,0.10247067,0.015228355,0.122199757,0.258220671,0.296712163,0.258220671,0
0.454,0.1232,0.123212,0.1332432,0.343214,0.324324,0.32424,0.43534,0.345435,0.324234,0.6345354,0.345456,0.46546,1
0.471920847,0.305494062,0.305494062,0.14947676,0.210459536,0.274462886,0.30467508,0.171353737,0.404048644,0.114102568,0.141252241,0.048427944,0.081720955,1
0.005748315,0.555148057,0.555148057,0.360992911,0.160039238,0.307648087,0.069380337,0.198188484,0.190045255,0.000657437,0.356150839,0.215235681,0.160495869,1
0.19234004,0.14171976,0.14171976,0.150133478,0.11826145,0.838171748,0.105092384,0.17502983,0.069325153,0.153201345,0.252077446,0.100941155,0.123864725,1
0.197094087,0.234170499,0.234170499,0.668573678,0.007620305,0.195698886,0.037456578,0.068884294,0.123044312,0.05890223,0.480891276,0.249219064,0.367430573,1
0.047156503,0.129448571,0.129448571,0.481340857,0.253788776,0.200522343,0.147366182,0.004699912,0.155769049,0.181891301,0.185376023,0.031707396,0.020230081,1
0.321512456,0.050925998,0.050925998,0.481750478,0.411160881,0.245363607,0.218779394,0.024744892,0.040304051,0.161349686,0.30179652,0.124314115,0.377884731,1
0.125672246,0.111406056,0.111406056,0.22924673,0.224646383,0.012122352,0.118586265,0.245560302,0.237820796,0.155655254,0.146097481,0.051339751,0.152905072,1
0.154717037,0.393410757,0.393410757,0.242498544,0.164173283,0.378415605,0.260869551,0.202516894,0.109273748,0.108739864,0.071136541,0.333249419,0.040640981,1
0.130796701,0.124594637,0.124594637,0.20453816,0.085240072,0.061600905,0.336568373,0.088314314,0.515516262,0.166891059,0.38725747,0.016230392,0.064157704,1
0.20836622,0.564964663,0.564964663,0.187395018,0.030405924,0.229184293,0.092927703,0.511409869,0.334459244,0.149419703,0.031396237,0.32952471,0.120723326,1
0.27363781,0.258465146,0.258465146,0.23033655,0.333467554,0.161475794,0.027933204,0.051689687,0.087847868,0.056852156,0.169970806,0.142812546,0.140842064,1
0.445222188,0.231229841,0.231229841,0.292025089,0.048324148,0.228915946,0.177598961,0.04665743,0.299099095,0.15939485,0.390994736,0.190333872,0.213017414,1
0.007290324,0.086702833,0.086702833,0.189017785,0.465606627,0.358433132,0.066080363,0.296361051,0.296371445,0.079174743,0.035507678,0.515117934,0.186432805,1
0.34675763,0.014705066,0.014705066,0.009739147,0.575027781,0.25018741,0.281155955,0.271333949,0.128797499,0.319581699,0.381551759,0.700691113,0.37913053,1
0.253909374,0.398219432,0.398219432,0.188099545,0.615759456,0.345121312,0.163656022,0.132013643,0.305430556,0.348445898,0.249182788,0.183531667,0.173414264,1
0.196893987,0.068605779,0.068605779,0.188674301,0.046123443,0.243532706,0.22114275,0.481998684,0.454067261,0.105206652,0.119645097,0.116172457,0.068635108,1
0.197012139,0.05359173,0.05359173,0.213101198,0.137515466,0.147615569,0.077407256,0.004391144,0.107776571,0.071556852,0.045440765,0.237814452,0.015618189,1
0.211336489,0.238367467,0.238367467,0.055881843,0.460279366,0.139526611,0.195933831,0.2339056,0.229402936,0.039907352,0.107593681,0.06771954,0.06674831,1
0.286978372,0.183018714,0.183018714,0.268310218,0.088878273,0.078238209,0.079635156,0.004016796,0.165517827,0.236968397,0.179715331,0.062804461,0.361554448,1
0.202860883,0.255383695,0.255383695,0.336222117,0.022795679,0.383261683,0.09846304,0.322027024,0.123832345,0.074264965,0.128186641,0.164821886,0.164366826,1
0.186023604,0.090775553,0.090775553,0.116775172,0.234580856,0.294977822,0.506485006,0.592183657,0.393932165,0.124960166,0.046901222,0.080170971,0.10701081,1
0.044142844,0.670548893,0.670548893,0.144129009,0.195313251,0.091613973,0.181074689,0.282151505,0.001637419,0.369323737,0.213642044,0.170780481,0.166653944,1
0.215544904,0.162129761,0.162129761,0.135514695,0.620390159,0.048640545,0.672617273,0.099241167,0.67946845,0.048555423,0.155382267,0.093853661,0.035898385,1
0.05487111,0.027140035,0.027140035,0.17690405,0.337118882,0.558218718,0.215244645,0.172030876,0.001203131,0.148430719,0.059345575,0.014466467,0.223929784,1
0.495388142,0.204770115,0.204770115,0.742883825,0.28833734,0.274087962,0.021633186,0.003297656,0.08803018,0.134324666,0.192591701,0.504811107,0.142875156,1
0.093833909,0.59564231,0.59564231,0.317542083,0.259020684,0.588461122,0.072795502,0.307552569,0.258014041,0.069899724,0.008354101,0.531093003,0.010963277,1
0.134320183,0.395961721,0.395961721,0.199795982,0.113172658,0.062907493,0.403571557,0.013903963,0.586411086,0.283865501,0.280115,0.394416725,0.142799484,1
0.241987569,0.321831519,0.321831519,0.036857564,0.050034699,0.304898009,0.004985977,0.164210375,0.340734316,0.097666485,0.052308943,0.169591923,0.218151185,1
0.053276418,0.001688459,0.001688459,0.137858288,0.098314576,0.011932213,0.306343107,0.289583365,0.086354055,0.260991531,0.57633176,0.401733904,0.20798409,1
0.205626182,0.021800075,0.021800075,0.236037349,0.077758483,0.367664323,0.193029703,0.030261871,0.201213749,0.247777988,0.168476552,0.183150064,0.055631227,1
0.077905707,0.26599886,0.26599886,0.694255,0.104767508,0.263600907,0.306614583,0.157604751,0.405322796,0.035152456,0.261375007,0.029853961,0.113213267,1
0.324881979,0.032663243,0.032663243,0.024693056,0.098775227,0.043439848,0.260555108,0.207003359,0.160680732,0.243627908,0.138564572,0.098902802,0.105771951,1
0.149592308,0.075836215,0.075836215,0.216808408,0.284408656,0.144272232,0.103302237,0.087538421,0.086269622,0.280450586,0.090517339,0.065160059,0.131666812,1
0.710458328,0.272632182,0.272632182,0.043642776,0.263424046,0.126542659,0.103515839,0.009538451,0.080667525,0.285872204,0.015912312,0.085856397,0.306924358,1
0.028684172,0.023291714,0.023291714,0.135551006,0.295680337,0.237298103,0.00089765,0.006279635,0.158441875,0.166908796,0.287307403,0.024618505,0.06679194,1
0.171126672,0.165608028,0.165608028,0.45483399,0.221347786,0.092461407,0.256895229,0.066660994,0.072560616,0.098191227,0.075785063,0.095942696,0.193363886,1
0.010264037,0.524861855,0.524861855,0.176173056,0.406258955,0.118831164,0.422795466,0.202539338,0.07655295,0.433298485,0.034654619,0.080799476,0.037722337,1
0.376656773,0.19170671,0.19170671,0.052595393,0.138801846,0.315263361,0.006606573,0.043216268,0.090741779,0.035973219,0.046300883,0.258205993,0.191315373,1
0.283143264,0.036851207,0.036851207,0.12577009,0.208286073,0.515762126,0.397983476,0.374371712,0.500952508,0.272516431,0.060631008,0.127360429,0.14530513,1
0.300273167,0.161456592,0.161456592,0.22931077,0.059650304,0.026403662,0.157311716,0.127616042,0.08716941,0.124349005,0.0054783,0.098786673,0.005723071,1
0.039117814,0.231934805,0.231934805,0.276257792,0.033855078,0.328473978,0.028722836,0.282032514,0.063453649,0.416389216,0.115243736,0.101991796,0.038208687,1
0.06203597,0.136251776,0.136251776,0.053713032,0.091573739,0.149544549,0.024793486,0.053561765,0.392453574,0.132889497,0.227677748,0.206657529,0.142197856,1
0.074207414,0.077231498,0.077231498,0.49335621,0.463573424,0.37908298,0.202648091,0.031460788,0.124001397,0.157836409,0.579840327,0.271799034,0.046991873,1
0.041113577,0.254340077,0.254340077,0.189049668,0.041562468,0.245811932,0.139359988,0.195966766,0.215765583,0.21309472,0.137334592,0.023186037,0.018257999,1
0.128300485,0.209851315,0.209851315,0.275940761,0.04791086,0.179509588,0.206777428,0.33692806,0.337552078,0.024332299,0.166311592,0.278140944,0.257393837,1
0.266248533,0.030363747,0.030363747,0.114811149,0.163840615,0.407586193,0.377425267,0.011613356,0.296468683,0.007245457,0.122534951,0.385724423,0.193786893,1
0.513641176,0.25194999,0.25194999,0.189066781,0.426487906,0.231188111,0.47131129,0.125193574,0.305111269,0.210616328,0.069886104,0.255698591,0.304639623,1
0.227116059,0.27184538,0.27184538,0.120027039,0.327559734,0.097471519,0.161223093,0.172483815,0.015963878,0.048950071,0.270474449,0.222960616,0.018846964,1
0.076492336,0.10413964,0.10413964,0.222369839,0.165949419,0.303410489,0.607897274,0.029575532,0.16525859,0.018675213,0.126153102,0.174483955,0.180411288,1
0.141964351,0.090615292,0.090615292,0.278615902,0.164848531,0.192878077,0.301455724,0.350401728,0.338497803,0.236739786,0.000395152,0.249461536,0.431142044,1
0.204018048,0.106063076,0.106063076,0.292600534,0.001981704,0.290106843,0.065398109,0.229575522,0.130869811,0.091210098,0.03833763,0.172137066,0.344435223,1
0.125644513,0.345355293,0.345355293,0.268729867,0.31626827,0.080560899,0.340431385,0.125382404,0.458088914,0.352578657,0.027214236,0.03796842,0.332708138,1
0.125452589,0.098026359,0.098026359,0.343759252,0.053843506,0.352782563,0.256408885,0.291573593,0.110841483,0.104027744,0.447654639,0.001896016,0.107495832,1
0.279178968,0.433312053,0.433312053,0.061052846,0.090436321,0.329105389,0.21066381,0.412418198,0.079893788,0.179185361,0.184838456,0.112516122,0.26330202,1
0.206806,0.211023852,0.211023852,0.288581617,0.049083676,0.51584451,0.149799785,0.288370447,0.32232132,0.062914773,0.174438224,0.046611787,0.280572376,1
0.212865248,0.288339527,0.288339527,0.128122776,0.197910101,0.304346212,0.023979952,0.25079694,0.020096688,0.303851793,0.195658494,0.353326922,0.339297196,1
0.15235513,0.034043061,0.034043061,0.068528827,0.359898665,0.463257094,0.632864774,0.002948051,0.07499867,0.128441653,0.183569028,0.068804574,0.007564841,1
0.189311017,0.288110682,0.288110682,0.102939478,0.135434414,0.117000616,0.048297746,0.429679964,0.416074804,0.050368894,0.15861806,0.260628717,0.468652716,1
0.396818235,0.10479236,0.10479236,0.220032147,0.227062665,0.31947398,0.268434224,0.26288375,0.553570819,0.128592944,0.123043223,0.163234003,0.275720578,1
0.367771927,0.161553081,0.161553081,0.38167453,0.377197158,0.565082111,0.26095613,0.06909188,0.174066429,0.304994923,0.314912998,0.522892307,0.016175962,1
0.02625796,0.066615407,0.066615407,0.139829724,0.369603465,0.134001882,0.13810673,0.195855786,0.231770582,0.153166871,0.319742762,0.23670631,0.321620799,1
0.203080334,0.09876472,0.09876472,0.07273089,0.246386368,0.028941015,0.135895463,0.349433884,0.255009206,0.0865727,0.038565503,0.120337701,0.295260707,1
0.11085982,0.056040336,0.056040336,0.079719323,0.281871497,0.522289047,0.278449693,0.093710628,0.064227488,0.19112723,0.207596531,0.027615253,0.030542848,1
0.400696222,0.166236974,0.166236974,0.342118575,0.090403351,0.06114382,0.41797336,0.202161827,0.426615481,0.409123836,0.221777529,0.160328515,0.124672175,1
0.208058671,0.293089703,0.293089703,0.045256417,0.185889755,0.107463901,0.066658289,0.289173719,0.280587433,0.332033874,0.156591701,0.295618617,0.280744901,1
0.150469219,0.41464846,0.41464846,0.041947809,0.096357657,0.15022754,0.30254035,0.153935688,0.006164175,0.228916894,0.349408968,0.018740633,0.049581483,1
0.210298804,0.268439646,0.268439646,0.168953324,0.188653759,0.642433813,0.230147645,0.211080436,0.217502885,0.287572032,0.113681713,0.096466709,0.188274368,1
0.421454009,0.473529991,0.473529991,0.109887943,0.092355483,0.358094759,0.100481048,0.117159851,0.054556319,0.284406879,0.171073992,0.413100837,0.307980058,1
0.075435363,0.044977935,0.044977935,0.466914262,0.000464278,0.111423365,0.097012113,0.181548579,0.10781182,0.320064537,0.12095549,0.453199547,0.070758542,1
0.681303492,0.009196207,0.009196207,0.012957681,0.073686999,0.153240569,0.116937433,0.027512286,0.299563614,0.268777888,0.328944968,0.384234837,0.096372554,1
0.372605936,0.339291116,0.339291116,0.004261136,0.275213513,0.429937632,0.131727086,0.127834654,0.197151083,0.286833555,0.178838601,0.626008925,0.182610729,1
0.526289244,0.086419821,0.086419821,0.233459009,0.271055353,0.338559913,0.242783216,0.329586892,0.177459618,0.28533485,0.146546635,0.045335127,0.447772236,1
0.328590959,0.283287506,0.283287506,0.225449209,0.025111623,0.707369524,0.143406994,0.221785514,0.076068994,0.345350304,0.290137215,0.160122911,0.33718429,1
0.067958343,0.031045262,0.031045262,0.219586814,0.069499615,0.056978402,0.077228684,0.132252037,0.081112118,0.063097841,0.017826119,0.174170255,0.067501335,1
0.160664249,0.275852268,0.275852268,0.134430763,0.224848717,0.319133757,0.062543127,0.212837321,0.048763852,0.020431935,0.377055323,0.243749886,0.399328411,1
0.004370617,0.294938096,0.294938096,0.479044684,0.060589673,0.054648869,0.24151994,0.100008672,0.143252456,0.248300953,0.118949526,0.203282044,0.040234114,1
0.115190449,0.295064913,0.295064913,0.155627203,0.006003321,0.305517496,0.380100559,0.306753598,0.326777487,0.684802829,0.078318712,0.007510862,0.164577944,1
0.116246044,0.061852009,0.061852009,0.389096531,0.357091561,0.02848657,0.171387765,0.662632685,0.152214757,0.080229965,0.012867078,0.261821406,0.004679201,1
0.361217954,0.365021447,0.365021447,0.18708465,0.141833933,0.071284026,0.547407902,0.050848131,0.020796223,0.186773178,0.354270245,0.286427144,0.090760475,1
0.102315746,0.023125857,0.023125857,0.477941171,0.12594488,0.239487751,0.064712494,0.07454201,0.021751243,0.171995752,0.140674823,0.471636906,0.002137566,1
0.109416566,0.058098146,0.058098146,0.385711697,0.201867711,0.412888916,0.084082015,0.289289064,0.127073289,0.309311594,0.044963447,0.544965847,0.05987929,1
0.006227462,0.153829494,0.153829494,0.252088981,0.077144335,0.364307875,0.18899788,0.388781674,0.280299294,0.12167761,0.015758612,0.426462255,0.149435685,1
0.204122396,0.374827118,0.374827118,0.32391254,0.466164729,0.095456633,0.175087966,0.308880833,0.773773408,0.310927042,0.063405322,0.655819367,0.413390911,1
0.014936952,0.116491975,0.116491975,0.039926691,0.51437848,0.249592333,0.26566772,0.286793253,0.174679565,0.163174716,0.144030949,0.159714511,0.15580707,1
0.029064744,0.161059876,0.161059876,0.205298046,0.186253771,0.281539031,0.235856015,0.005111157,0.180308903,0.083743857,0.458169321,0.267472645,0.116182976,1
0.168973228,0.075535658,0.075535658,0.297770685,0.429786943,0.019365474,0.573919228,0.259625182,0.284523121,0.290262575,0.051713254,0.052316528,0.238363962,1
0.581823115,0.070923422,0.070923422,0.157418262,0.249497832,0.16098077,0.178392743,0.196396138,0.06123409,0.086744473,0.111751257,0.151408953,0.72464146,1
0.019347858,0.210241581,0.210241581,0.109861635,0.048216842,0.041978697,0.140959151,0.254782008,0.153176833,0.436035004,0.160157154,0.01035802,0.268660112,1
0.339795081,0.317848321,0.317848321,0.213090868,0.028321631,0.305996792,0.136290376,0.088353833,0.29876521,0.295010866,0.035421089,0.15885658,0.190683189,1
0.181837244,0.085917745,0.085917745,0.076074428,0.009212696,0.316210376,0.482101258,0.126420385,0.203985097,0.211747318,0.09421755,0.288819761,0.079290788,1
0.307648123,0.055499426,0.055499426,0.311627854,0.22966106,0.000109089,0.237962401,0.026937394,0.188225148,0.351206868,0.443730198,0.167102954,0.280474158,1
0.266483173,0.066412986,0.066412986,0.049661116,0.230578945,0.206751492,0.310786896,0.167118179,0.327278855,0.173077834,0.143833852,0.294978401,0.402959398,1
0.169079715,0.483774958,0.483774958,0.225522695,0.192088753,0.351377068,0.008931164,0.370061758,0.373384801,0.402087396,0.260631787,0.272571211,0.093814099,1
0.37832844,0.347441944,0.347441944,0.188481153,0.438522544,0.001554195,0.071484037,0.083366495,0.127222279,0.207795006,0.3122596,0.330114567,0.167363399,1
0.397078233,0.330687959,0.330687959,0.121076835,0.085016497,0.096583667,0.001543554,0.209158775,0.263770456,0.059204273,0.073618885,0.07560826,0.174855519,1
0.014754472,0.263730178,0.263730178,0.130983769,0.146956369,0.288455648,0.272252191,0.176084996,0.041564443,0.072192814,0.011054663,0.036232355,0.357676787,1
0.295732529,0.019949808,0.019949808,0.457472105,0.33851812,0.189658006,0.09683978,0.165551795,0.225876452,0.115323217,0.18570782,0.245260486,0.172440698,1
0.379590141,0.483920013,0.483920013,0.140914187,0.178911691,0.034359702,0.237827417,0.23283643,0.322078345,0.430773277,0.09222617,0.224766348,0.193759318,1
0.020044372,0.328681501,0.328681501,0.201147297,0.287710033,0.167557605,0.173225402,0.522323376,0.23590687,0.176856422,0.512338392,0.028877846,0.111903707,1
0.080777461,0.28810097,0.28810097,0.117745773,0.056200036,0.402260164,0.347447722,0.460588613,0.298961079,0.281526706,0.081257767,0.205949349,0.013230811,1
0.2432343,0.34324,0.43243,0.432532,0.4324343,0.32434,0.124324,0.4634,0.3454543,0.3243254,0.43543543,0.235345,0.3543534,1
0.367939149,0.064424722,0.064424722,0.265206589,0.364836356,0.087898654,0.055303488,0.119109538,0.010079829,0.365609296,0.02625225,0.16800145,0.105439217,1
0.378482915,0.146555216,0.146555216,0.137433504,0.155124014,0.035837498,0.202548332,0.127298112,0.148208022,0.274793309,0.099649318,0.306297208,0.302881028,1
0.367296149,0.057659715,0.057659715,0.033682374,0.192229468,0.128134347,0.122983065,0.357066626,0.259733211,0.270464925,0.050037009,0.336900241,0.073793238,1
0.214129322,0.059177956,0.059177956,0.145438113,0.085778034,0.181213553,0.019425623,0.083421594,0.027211887,0.25416008,0.352233686,0.205917456,0.041742027,1
0.209659797,0.768180357,0.768180357,0.020924927,0.194077519,0.089531666,0.43546695,0.049727682,0.323187474,0.035762072,0.304768088,0.220336835,0.303753702,1
0.106178929,0.403867737,0.403867737,0.098281205,0.058540808,0.056397224,0.253147607,0.378812026,0.453021059,0.182050201,0.051977669,0.081036394,0.141911416,1
0.214321481,0.296360973,0.296360973,0.101428117,0.311006987,0.241800395,0.200332654,0.48769733,0.199256126,0.346723829,0.293195323,0.036570296,0.492924279,1
0.197484862,0.056580434,0.056580434,0.285214436,0.355418044,0.350742865,0.067967303,0.295332903,0.129975457,0.116091836,0.323461146,0.010340757,0.128973277,1
0.305629239,0.645753741,0.645753741,0.440878125,0.157241482,0.317581227,0.311275556,0.095015926,0.173474778,0.177050457,0.136403133,0.017778742,0.099206454,1
0.248068791,0.248106656,0.248106656,0.020605911,0.021895521,0.253265637,0.151090516,0.188964826,0.233315371,0.483137935,0.271537682,0.058789575,0.382255406,1
0.480920873,0.061522011,0.061522011,0.662699531,0.388193597,0.024793653,0.223474821,0.074217661,0.055537988,0.051832062,0.004333426,0.15281874,0.109286584,1
0.090691172,0.19337896,0.19337896,0.192960766,0.177027889,0.135308845,0.154277098,0.238685308,0.063271473,0.57841832,0.295615278,0.167140266,0.142035225,1
0.212256335,0.121680364,0.121680364,0.070346471,0.007617353,0.149367026,0.161508411,0.362067208,0.390280926,0.495045245,0.070340264,0.226634827,0.080498625,1
0.289273002,0.124700155,0.124700155,0.12405395,0.069077971,0.112677439,0.376111469,0.585863979,0.234800527,0.052211994,0.30487732,0.164542043,0.154489221,1
0.166550773,0.188215846,0.188215846,0.106197156,0.188225222,0.03791728,0.025363119,0.294681135,0.072520085,0.011796595,0.153884303,0.14742862,0.192326806,1
0.123036677,0.331571305,0.331571305,0.318355765,0.097446949,0.093223757,0.371428534,0.277289642,0.140950521,0.312563038,0.427889269,0.217442087,0.043598956,1
0.003291616,0.416799094,0.416799094,0.046975048,0.009005201,0.238621621,0.248343514,0.196342267,0.472356874,0.097493692,0.244721369,0.372684245,0.135021758,1
0.096583694,0.084542169,0.084542169,0.335924199,0.197021043,0.210569386,0.467766554,0.004358848,0.227861448,0.036621252,0.064784434,0.314048523,0.024363773,1
0.050509735,0.397521619,0.397521619,0.04998385,0.349641924,0.613648326,0.080155145,0.205735433,0.348240423,0.044255552,0.03616529,0.239808068,0.163398708,1
0.105417491,0.213195505,0.213195505,0.325788923,0.59332684,0.246727156,0.180347842,0.165124475,0.128287745,0.079759089,0.180044275,0.405045579,0.207142218,1
0.232798593,0.071909184,0.071909184,0.308278453,0.255910003,0.039648799,0.25879139,0.333757376,0.133426148,0.061410437,0.212623811,0.044129269,0.069602117,1
0.001772544,0.022303062,0.022303062,0.475225711,0.199503138,0.279598485,0.138021506,0.112533735,0.282611933,0.287379118,0.201377915,0.120905668,0.44392071,1
0.121398442,0.042094918,0.042094918,0.027532668,0.109104492,0.094332185,0.309840199,0.172360522,0.149713401,0.095138536,0.191703763,0.023150228,0.005052622,1
0.318270703,0.204910074,0.204910074,0.179353038,0.434680496,0.187007061,0.505615333,0.013289857,0.022069149,0.071639752,0.157943473,0.045595576,0.132839837,1
0.188335554,0.058755661,0.058755661,0.085235886,0.16837198,0.252902077,0.481533855,0.130956739,0.407365088,0.105753068,0.194903871,0.058727049,0.204871665,1
0.016276358,0.094468987,0.094468987,0.080126062,0.098621277,0.041431494,0.260962888,0.031651983,0.306265673,0.27253329,0.01706083,0.333418477,0.128676249,1
0.018978784,0.044926608,0.044926608,0.021668453,0.229130348,0.006467925,0.2936265,0.258164849,0.016619823,0.419823442,0.207450212,0.09058585,0.137854225,1
0.29376347,0.401668827,0.401668827,0.259595684,0.131155534,0.070987312,0.09306916,0.279952884,0.120405776,0.484676747,0.045124528,0.48677294,0.149399053,1
0.059139377,0.035130955,0.035130955,0.096695029,0.026495751,0.223685716,0.024583062,0.11664931,0.089199922,0.037428349,0.207144577,0.58568067,0.114244686,1
0.109223403,0.095300904,0.095300904,0.048653777,0.273411772,0.227410058,0.331006781,0.303221606,0.058435091,0.161572571,0.165882281,0.327975087,0.071081338,1
0.041714095,0.213072357,0.213072357,0.392968738,0.364229998,0.164731333,0.262110317,0.238991169,0.021367245,0.100028106,0.18997999,0.18859723,0.126816387,1
0.136718832,0.419632538,0.419632538,0.352807316,0.112650583,0.030394055,0.094001046,0.208114299,0.246990536,0.490141411,0.392584282,0.08934948,0.030157074,1
0.597520243,0.154980904,0.154980904,0.208281912,0.360934214,0.259584961,0.023516302,0.094980284,0.050745892,0.107317266,0.012454816,0.054325552,0.358664681,1
0.13820268,0.060178406,0.060178406,0.138664007,0.449334119,0.364984777,0.244585968,0.219133051,0.036140757,0.507564521,0.000710858,0.056754586,0.312168651,1
0.232865653,0.317072738,0.317072738,0.213219353,0.100379716,0.095952336,0.173417278,0.024657616,0.291033016,0.443390119,0.066142883,0.589164258,0.237347982,1
0.535408659,0.099787596,0.099787596,0.189639917,0.22619719,0.267496328,0.020521361,0.240439048,0.130750487,0.159103655,0.557915025,0.30108478,0.294076553,1
0.034605512,0.094621476,0.094621476,0.164718583,0.165198354,0.052701948,0.432097283,0.209733346,0.04559882,0.079952389,0.417122529,0.818349161,0.259793349,1
0.048175812,0.020570468,0.020570468,0.232883253,0.435247168,0.123632472,0.275501925,0.005545603,0.041062735,0.001150173,0.278007831,0.207897738,0.15243014,1
0.170816877,0.187672457,0.187672457,0.299822411,0.422695843,0.031305568,0.581871554,0.091697513,0.31951777,0.108023561,0.055266525,0.148440665,0.189154748,1
0.298803844,0.354958314,0.354958314,0.119660888,0.095606223,0.198161341,0.27213633,0.00268229,0.222598931,0.289560822,0.557500668,0.16995228,0.254322827,1
0.364587576,0.291829278,0.291829278,0.332561884,0.044406204,0.093632449,0.462808353,0.029646717,0.297649356,0.158558164,0.065780201,0.000115849,0.042054057,1
0.220187452,0.522502456,0.522502456,0.029791732,0.084122299,0.018874435,0.089950587,0.041290105,0.106806787,0.169539767,0.378261637,0.100281234,0.053861094,1
0.092085485,0.403198246,0.403198246,0.531041364,0.029215104,0.281101418,0.058601854,0.287599215,0.197904029,0.103373557,0.407748995,0.318228586,0.053162792,1
0.197596442,0.315115219,0.315115219,0.025480561,0.13073161,0.034408791,0.062245523,0.217772433,0.160359778,0.402629099,0.421450746,0.281151343,0.329514568,1
0.098008702,0.259080303,0.259080303,0.222288283,0.384458755,0.003884915,0.32398583,0.042004099,0.025209773,0.250475468,0.043453902,0.036892244,0.088827086,1
0.309527659,0.061483614,0.061483614,0.198036117,0.17931438,0.026081256,0.14394726,0.087155268,0.340100487,0.688239429,0.183325395,0.159954593,0.499936467,1
0.041937031,0.405830845,0.405830845,0.095281892,0.176936309,0.228866224,0.073208377,0.161404525,0.094946927,0.134856478,0.242173256,0.233647794,0.210496877,1
0.178159476,0.267661438,0.267661438,0.064994241,0.164902544,0.235684486,0.454648036,0.110771469,0.039291115,0.228891913,0.280764066,0.38340054,0.167520082,1
0.240588592,0.393392909,0.393392909,0.236876784,0.023347921,0.106432864,0.095316836,0.03364841,0.037191072,0.270702315,0.023255521,0.030868079,0.65856298,1
0.718129789,0.124328254,0.124328254,0.107806234,0.169732977,0.204316487,0.203880342,0.240270164,0.310614589,0.08035858,0.111382049,0.062918243,0.088892873,1
0.183197728,0.120143562,0.120143562,0.495626066,0.150862497,0.135168416,0.190071779,0.166841196,0.502414214,0.036941031,0.113637499,0.314240323,0.2118437,1
0.082013926,0.51604406,0.51604406,0.145953992,0.111572225,0.148729704,0.272504504,0.054765937,0.05445905,0.094456192,0.132434198,0.034318044,0.257087182,1
0.170759092,0.020649538,0.020649538,0.314595537,0.075416153,0.185961916,0.084033134,0.143785147,0.082509263,0.060256306,0.192362583,0.326951602,0.235154246,1
0.202712543,0.30350191,0.30350191,0.049399068,0.01524601,0.043821781,0.00652248,0.304258177,0.287273689,0.308391498,0.200832999,0.122700532,0.344179626,1
0.319652837,0.001539545,0.001539545,0.112836787,0.139687407,0.352235514,0.072264747,0.199660825,0.111547972,0.260582108,0.330678654,0.176652269,0.200386913,1
0.075869043,0.039816911,0.039816911,0.002218137,0.036049089,0.628015894,0.282055017,0.043396841,0.079311849,0.091917926,0.225194298,0.274857164,0.09643411,1
0.182387089,0.159231779,0.159231779,0.331890568,0.375288915,0.097934925,0.330671329,0.149529821,0.258383966,0.203344546,0.22796394,0.13902632,0.043955721,1
0.033825744,0.222669262,0.222669262,0.070741206,0.047849145,0.216956918,0.255183147,0.560827026,0.099691537,0.190106084,0.001313891,0.03046345,0.233537629,1
0.208402186,0.479438489,0.479438489,0.305600772,0.29664577,0.0273592,0.384637369,0.139131471,0.347302075,0.357150316,0.362238684,0.016779157,0.242490343,1
0.100424523,0.333280419,0.333280419,0.104112987,0.256227403,0.026730061,0.326608996,0.069203433,0.202897878,0.224379344,0.336086659,0.120377027,0.597708317,1
0.310997666,0.024335856,0.024335856,0.177103627,0.015957781,0.223485141,0.268926373,0.538093739,0.501092881,0.561626797,0.145494587,0.10030064,0.269410051,1
0.010973388,0.031341389,0.031341389,0.115762391,0.040858658,0.124020644,0.047740302,0.125541068,0.122357667,0.120375038,0.083534115,0.025845313,0.092272254,1
0.16392962,0.218776454,0.218776454,0.203717722,0.229146338,0.333134497,0.241463395,0.308819073,0.113756546,0.412193397,0.529102021,0.389944908,0.39362619,1
0.004371544,0.205671027,0.205671027,0.068207097,0.396043631,0.076540286,0.314357655,0.140271723,0.125264805,0.134161894,0.440842152,0.220089395,0.000900491,1
0.185271155,0.079912474,0.079912474,0.007201371,0.061462038,0.118516306,0.220063103,0.203821549,0.008959723,0.227760759,0.21279329,0.076269185,0.022832174,1
0.433270394,0.234606285,0.234606285,0.201263287,0.41740063,0.08176828,0.241530562,0.10832098,0.046026513,0.025913323,0.108023808,0.176444687,0.025077666,1
0.463449907,0.129877287,0.129877287,0.237707342,0.209021084,0.14246853,0.048393435,0.155976903,0.504665014,0.389566504,0.020666848,0.273349588,0.072434139,1
0.126368326,0.177149594,0.177149594,0.348179037,0.049646595,0.403518198,0.045058797,0.284131797,0.303176741,0.137161853,0.009350341,0.276347584,0.354542006,1
0.108326227,0.178358459,0.178358459,0.34897943,0.539218385,0.201237032,0.288370404,0.240828951,0.127803345,0.036645391,0.284397263,0.026767133,0.351658756,1
0.102803351,0.143087113,0.143087113,0.409513134,0.147813466,0.126381667,0.010686621,0.242717912,0.101549624,0.298712214,0.036723615,0.016696219,0.164692412,1
0.037668126,0.260173745,0.260173745,0.407370408,0.355627943,0.009614634,0.471357137,0.021513383,0.097154858,0.295819831,0.241797981,0.002699767,0.151049537,1
0.110880422,0.089518648,0.089518648,0.024317952,0.237336607,0.100180523,0.06703409,0.557587899,0.15511021,0.097972623,0.008436847,0.102668555,0.252400929,1
0.204469403,0.300831929,0.300831929,0.219800314,0.29814414,0.241575374,0.27197668,0.427115985,0.10210645,0.235316075,0.291192651,0.177425332,0.035089399,1
0.119175533,0.366569326,0.366569326,0.348631146,0.445815277,0.068425744,0.160516894,0.226436559,0.001685695,0.025074221,0.037440708,0.339024378,0.036149005,1
0.241274944,0.011026169,0.011026169,0.291828355,0.094835241,0.156098391,0.051877853,0.063914451,0.332171397,0.229364201,0.26181441,0.156944281,0.280697207,1
0.218017314,0.14246031,0.14246031,0.096698747,0.628126634,0.049398022,0.339420098,0.201438486,0.128371503,0.458859398,0.435026765,0.239375978,0.037503125,1
0.081651488,0.306351319,0.306351319,0.006534418,0.031342335,0.00203619,0.51921203,0.107789366,0.101276945,0.027079028,0.261738371,0.14629918,0.255034216,1
0.028616349,0.198762967,0.198762967,0.052881287,0.262893481,0.609510955,0.147752177,0.409312028,0.013695815,0.125201659,0.312703369,0.044202208,0.775852302,1
0.029823772,0.60257483,0.60257483,0.189325109,0.081260472,0.205710203,0.384866166,0.043414191,0.285597385,0.268643987,0.114703631,0.047224718,0.01843948,1
0.205284621,0.001283608,0.001283608,0.027441345,0.171177639,0.464571414,0.069351196,0.208339158,0.336965799,0.038713596,0.037898906,0.180974835,0.184853944,1
0.082517237,0.50357617,0.50357617,0.137383549,0.065292683,0.039698053,0.147150061,0.016702283,0.5035184,0.053068198,0.101266154,0.236889373,0.078266292,1
0.289191546,0.10354451,0.10354451,0.538660186,0.288220621,0.001334389,0.172349825,0.299055109,0.009211826,0.204552583,0.189588017,0.147704866,0.295343584,1
0.128405954,0.020454994,0.020454994,0.154072341,0.143779569,0.489203624,0.032913107,0.184265501,0.53354578,0.007026646,0.265099206,0.006192468,0.237992241,1
0.469320981,0.249235097,0.249235097,0.425767505,0.059426071,0.232912217,0.258479827,0.055241404,0.478892445,0.531961752,0.143944553,0.159132311,0.018015739,1
0.30212691,0.23314636,0.23314636,0.161237409,0.073624845,0.173588529,0.157190536,0.274600301,0.488333841,0.165061733,0.54732948,0.302052913,0.03195311,1
0.023858554,0.080006048,0.080006048,0.040801144,0.133685977,0.009329099,0.244107175,0.041506811,0.314274758,0.219568646,0.126509424,0.121342741,0.55996597,1
0.035360516,0.245187053,0.245187053,0.476717254,0.181682725,0.070876774,0.054367578,0.09983331,0.065345843,0.565995695,0.492643969,0.053204591,0.18608241,1
0.191882994,0.132613372,0.132613372,0.219067861,0.199251636,0.236305448,0.150317486,0.24833121,0.114130473,0.709525853,0.205458261,0.123318669,0.182651446,1
0.525366072,0.030101188,0.030101188,0.449019699,0.144852782,0.275314931,0.142652757,0.127714432,0.39567676,0.386297918,0.131686806,0.114354342,0.152193012,1
0.096580291,0.33069442,0.33069442,0.144791992,0.116582024,0.065128012,0.32563814,0.535655707,0.161224302,0.083268112,0.386427372,0.031578255,0.095541858,1
0.099359809,0.36736369,0.36736369,0.00791123,0.097272411,0.164326996,0.408782004,0.303166563,0.340587445,0.440505886,0.185677706,0.238603054,0.059227947,1
0.337162003,0.20216832,0.20216832,0.162292841,0.081816776,0.326868609,0.037129653,0.424448293,0.340189761,0.064765632,0.156485748,0.129815497,0.534087622,1
0.319537323,0.08071373,0.08071373,0.003756805,0.117495156,0.344885417,0.605933767,0.621917945,0.340949434,0.088760326,0.527975143,0.290376529,0.521792512,1
0.191246904,0.207492704,0.207492704,0.05762858,0.175130737,0.159951367,0.448861583,0.367857054,0.209159313,0.024650621,0.029553476,0.24731836,0.221249977,1
0.117387708,0.185676289,0.185676289,0.153153013,0.055469467,0.012826398,0.35459533,0.28145224,0.119235847,0.259201921,0.10133932,0.021727586,0.058955174,1
0.308133384,0.288567345,0.288567345,0.527187681,0.062008473,0.152618974,0.026717767,0.220698023,0.15206379,0.319356312,0.002301281,0.041358851,0.206703647,1
0.022885429,0.01247165,0.01247165,0.088947252,0.358072593,0.145396391,0.124380258,0.444785405,0.504038499,0.054212636,0.232074867,0.061828441,0.322401837,1
0.105494942,0.123127545,0.123127545,0.080818227,0.100462154,0.428021632,0.062461245,0.114412106,0.042517271,0.410636164,0.057220832,0.029273487,0.204322452,1
0.38651507,0.127336423,0.127336423,0.211992245,0.030103224,0.546719011,0.260772871,0.560264944,0.062608905,0.132635843,0.428220862,0.535724741,0.186613281,1
0.165331288,0.028764223,0.028764223,0.12206379,0.072551572,0.728886692,0.154203579,0.303193848,0.279783984,0.110269794,0.161821981,0.360630774,0.084948667,1
0.3453,0.3634,0.354343,0.132432,0.1232432,0.234324,0.4353453,0.4354354,0.4353454,0.4534534,0.3465,0.345345,0.67543,1
0.395073232,0.050479942,0.050479942,0.081721928,0.025224915,0.436860528,0.138051546,0.222109289,0.047755946,0.478754242,0.099375486,0.138323454,0.075671302,1
0.086109589,0.178944195,0.178944195,0.284085804,0.152369017,0.413529812,0.427101443,0.130507899,0.072705219,0.201699723,0.007038667,0.296218325,0.051058737,1
0.094432626,0.537289127,0.537289127,0.073558378,0.0325456,0.000210431,0.196518308,0.007870347,0.20506519,0.233605149,0.193515778,0.214918527,0.149213318,1
0.254028926,0.093343452,0.093343452,0.127256746,0.046437743,0.043573219,0.744910868,0.003437001,0.068936214,0.149494801,0.179832775,0.014635683,0.342366343,1
0.086832295,0.194823802,0.194823802,0.04163293,0.302917964,0.077295647,0.064567338,0.062900017,0.109285949,0.020453899,0.2342523,0.313094866,0.268610765,1
0.203089653,0.022865478,0.022865478,0.090219324,0.014915554,0.232597935,0.405252773,0.269757951,0.210759497,0.184129406,0.526706,0.251483726,0.268669073,1
0.130014762,0.226792084,0.226792084,0.208234399,0.17209833,0.208067615,0.035266938,0.021790134,0.071083434,0.044473417,0.191099905,0.346788627,0.151524658,1
0.075660065,0.218543683,0.218543683,0.349959707,0.119119959,0.199270806,0.127640206,0.213393117,0.062822901,0.301275775,0.173029405,0.170838633,0.268344292,1
0.11844645,0.262176417,0.262176417,0.085610698,0.316852322,0.132621856,0.101584379,0.110517895,0.110838351,0.377652112,0.03967793,0.020267336,0.133385278,1
0.293140171,0.480277119,0.480277119,0.697109523,0.262744463,0.144042582,0.409883222,0.189349469,0.064036326,0.044829292,0.360367676,0.2761695,0.092615946,1
0.038596679,0.295517432,0.295517432,0.116487646,0.308533232,0.115805169,0.031560578,0.007041683,0.175274252,0.225878156,0.213140313,0.08407301,0.010846097,1
0.13676165,0.44377727,0.44377727,0.3153188,0.13650266,0.079053029,0.227004918,0.17843798,0.128765165,0.013967079,0.150584927,0.223152223,0.195446452,1
0.042884876,0.161967481,0.161967481,0.369603583,0.130327951,0.077404409,0.220724257,0.702704202,0.246252257,0.272094885,0.23002007,0.139386648,0.623068439,1
0.559828803,0.381178343,0.381178343,0.179343803,0.094032662,0.191269419,0.169993209,0.410039519,0.044188156,0.193845724,0.434317407,0.298320036,0.093781713,1
0.080460824,0.085402373,0.085402373,0.650615065,0.103015427,0.202379932,0.148274217,0.148130294,0.16020237,0.001327826,0.098436989,0.256972146,0.185247717,1
0.174044261,0.21187071,0.21187071,0.12743788,0.070732564,0.334349299,0.002634788,0.087184456,0.072272865,0.186796983,0.087424376,0.052902223,0.236944973,1
0.58687524,0.04552383,0.04552383,0.317527517,0.391656425,0.198228859,0.032997442,0.036296986,0.13843255,0.236560513,0.112924294,0.172623906,0.351677753,1
0.210800731,0.091125093,0.091125093,0.30229731,0.645993101,0.246575409,0.001029077,0.101682703,0.321345408,0.232546479,0.194214834,0.590075628,0.192522154,1
0.178853055,0.045688305,0.045688305,0.117369445,0.130709652,0.209647983,0.010817764,0.715817612,0.105157082,0.04722854,0.615395626,0.097433605,0.422947051,1
0.009978584,0.25171217,0.25171217,0.430188728,0.08750058,0.100514207,0.027506098,0.09917674,0.376202173,0.209021538,0.023553167,0.322639521,0.089230613,1
0.293909324,0.390676645,0.390676645,0.112970365,0.337585976,0.512406826,0.122196077,0.461144913,0.294150169,0.27610809,0.004883568,0.187556788,0.093730233,1
0.060337703,0.237316941,0.237316941,8.11613E-05,0.206659729,0.144281976,0.482889163,0.175784379,0.267343888,0.278226226,0.100197458,0.055098503,0.43563807,1
0.165733699,0.124088666,0.124088666,0.390707055,0.264234023,0.313034999,0.058398418,0.214908215,0.320800956,0.123126518,0.132311042,0.074719438,0.044814821,1
0.114111785,0.147830266,0.147830266,0.145568299,0.013196738,0.251339129,0.450156955,0.281399919,0.265045847,0.120792851,0.133807517,0.115469354,0.074604438,1
0.551519445,0.150595112,0.150595112,0.098174792,0.195452616,0.545455796,0.075316034,0.332007821,0.099024788,0.14828904,0.309161145,0.258303783,0.360075904,1
0.150852595,0.200114894,0.200114894,0.154627816,0.207036761,0.673899143,0.238489509,0.075721813,0.092277751,0.279669534,0.145084734,0.150170989,0.173164733,1
0.319167103,0.04299788,0.04299788,0.104681131,0.058080187,0.057200868,0.380223806,0.056715647,0.028355312,0.372856441,0.338304187,0.276272465,0.077303708,1
0.034768268,0.097691143,0.097691143,0.145580757,0.337882018,0.163644831,0.293496559,0.294603254,0.084889116,0.359246439,0.182176768,0.274573081,0.264746193,1
0.256962813,0.024973929,0.024973929,0.046296812,0.116973249,0.375692586,0.365113845,0.17357111,0.050299491,0.352406003,0.129422803,0.448508657,0.239074985,1
0.106655994,0.04705883,0.04705883,0.009796584,0.184070499,0.160654857,0.261852965,0.21094881,0.529053009,0.067007235,0.262545653,0.670310931,0.248789409,1
0.449383365,0.014562576,0.014562576,0.177535797,0.126313323,0.491324402,0.009649778,0.182933868,0.071851475,0.098856846,0.258280508,0.292206558,0.119748666,1
0.010436881,0.007295457,0.007295457,0.140171835,0.32230593,0.205586687,0.362227386,0.423143634,0.002681009,0.073229707,0.480015909,0.255943055,0.393490285,1
0.466407243,0.025776366,0.025776366,0.099769422,0.202989822,0.26946265,0.042055726,0.093550755,0.051180361,0.053467089,0.149060566,0.238984944,0.350251157,1
0.102897217,0.132195533,0.132195533,0.030751421,0.035498049,0.117300322,0.097725783,0.366537729,0.254900614,0.156723349,0.203077999,0.131926179,0.196891213,1
0.225306667,0.284979491,0.284979491,0.163809656,0.040424784,0.357201697,0.066714042,0.135045554,0.011493668,0.028135759,0.439784257,0.112963386,0.103243549,1
0.090166064,0.049372606,0.049372606,0.275612043,0.123143886,0.255410812,0.408295454,0.018231747,0.397147464,0.489855595,0.048647228,0.584137716,0.048653253,1
0.078797511,0.425713155,0.425713155,0.525526074,0.289383969,0.020418845,0.051496972,0.289265162,0.110396141,0.551018433,0.093805625,0.181557816,0.281336135,1
0.317899825,0.349595182,0.349595182,0.271120031,0.319975013,0.152045468,0.28072784,0.234343964,0.153284122,0.26135655,0.003657351,0.311588706,0.450212138,1
0.070422773,0.32210768,0.32210768,0.090011255,0.202543038,0.304695014,0.087564191,0.166609342,0.062790977,0.349361949,0.154753981,0.005641176,0.117454626,1
0.039760324,0.006089335,0.006089335,0.100500319,0.423050625,0.058857333,0.217716236,0.123352937,0.052581874,0.03609837,0.206893296,0.543676075,0.334493544,1
0.013003318,0.164038954,0.164038954,0.307015358,0.043412608,0.390111457,0.142940022,0.029369144,0.260452113,0.423296075,0.431556988,0.096946089,0.092090259,1
0.104827053,0.426106406,0.426106406,0.310567343,0.170099785,0.055886969,0.054229321,0.070507861,0.000911313,0.280556611,0.118685481,0.307018231,0.611952413,1
0.132307548,0.331347693,0.331347693,0.417476431,0.417293895,0.246275441,0.269259544,0.201551961,0.187125752,0.446936217,0.167149197,0.476883502,0.22298525,1
0.367794492,0.077555026,0.077555026,0.411877981,0.128040146,0.054960883,0.336510731,0.104553157,0.210627092,0.067413822,0.094262969,0.158204167,0.405987397,1
0.258959728,0.033195593,0.033195593,0.066924977,0.095617391,0.106867893,0.067109081,0.058909859,0.785487143,0.378053437,0.171223015,0.108616598,0.107510445,1
0.180183566,0.109257208,0.109257208,0.083294768,0.036775408,0.183003913,0.00166593,0.091406183,0.073879113,0.34223733,0.174296119,0.020683865,0.078390069,1
0.207296367,0.078369674,0.078369674,0.149463442,0.024157759,0.205632987,0.224017278,0.29217409,0.303112744,0.072485441,0.214293287,0.042343974,0.567035555,1
0.499757007,0.202354857,0.202354857,0.12349161,0.12342987,0.12548351,0.287036143,0.404908875,0.018794885,0.130576238,0.230798396,0.153993381,0.374116595,1
0.438040833,0.33968194,0.33968194,0.054334804,0.457359774,0.205019788,0.072862062,0.448849899,0.289017758,0.400196533,0.393357708,0.175915095,0.106932972,1
0.211351425,0.058956183,0.058956183,0.289285567,0.158389618,0.307345776,0.095730357,0.476457625,0.362963979,0.275053631,0.202099273,0.054103697,0.129566243,1
0.05517391,0.339158629,0.339158629,0.165759667,0.615411825,0.01630373,0.074807546,0.373860066,0.204262297,0.153044987,0.110395795,0.135141452,0.026714792,1
0.339129775,0.015524568,0.015524568,0.031673418,0.182971156,0.062020525,0.140784018,0.035700677,0.023891155,0.331826918,0.099108318,0.278807274,0.120490084,1
0.424203524,0.066161804,0.066161804,0.227827851,0.507730795,0.498435936,0.188543385,0.199597167,0.377510937,0.000885897,0.02010877,0.191934472,0.582413693,1
0.143799294,0.093097978,0.093097978,0.010854854,1.007002115,0.204011299,0.012736021,0.115284606,0.016130296,0.042271936,0.222674112,0.23382811,0.294125972,1
0.480626813,0.015087245,0.015087245,0.071749476,0.231986006,0.332239662,0.064993584,0.18497003,0.14959357,0.19743559,0.015750396,0.056406191,0.12982271,1
0.399527978,0.045479195,0.045479195,0.379567262,0.352869351,0.170544035,0.114289294,0.147643222,0.122424296,0.092212852,0.114099369,0.205341685,0.110864808,1
0.015284647,0.033092687,0.033092687,0.058144916,0.031142443,0.142011112,0.106058332,0.176443821,0.317082412,0.436780149,0.003252966,0.256825137,0.305143544,1
0.09754728,0.149741389,0.149741389,0.115090842,0.110490394,0.260123112,0.389393943,0.013057955,0.002361646,0.079421174,0.322688094,0.249174028,0.249939068,1
0.068574488,0.130588,0.130588,0.103984567,0.166445663,0.289920391,0.073317229,0.206082043,0.143688916,0.202159957,0.207591875,0.221811579,0.031470575,1
0.069908049,0.083286731,0.083286731,0.101014689,0.268951545,0.153646464,0.283195674,0.000524703,0.176759451,0.046288513,0.63396536,0.082107766,0.239539079,1
0.378435714,0.231051583,0.231051583,0.054169302,0.24228433,0.028779667,0.25526787,0.217000272,0.23643727,0.16640517,0.076674634,0.020570716,0.018736647,1
0.16116762,0.014262073,0.014262073,0.44139083,0.342764065,0.169435861,0.240051274,0.006112789,0.277364324,0.069835724,0.220670586,0.229432618,0.696893087,1
0.056052274,0.160613424,0.160613424,0.066424242,0.086542176,0.125523621,0.156090805,0.290109177,0.543231474,0.36405999,0.044042152,0.110873671,0.28741317,1
0.215279027,0.497071411,0.497071411,0.027344794,0.437496011,0.363971037,0.020848396,0.214372163,0.185747626,0.009504321,0.296864045,0.234488044,0.338744897,1
0.262171492,0.15261974,0.15261974,0.229658036,0.407831702,0.670270144,0.057264242,0.173116575,0.086739437,0.017135456,0.070588195,0.47255208,0.099740006,1
0.474935597,0.425347843,0.425347843,0.140041742,0.328977737,0.146205406,0.163404554,0.180020895,0.045652772,0.080722926,0.066254585,0.02906397,0.122609646,1
0.165140814,0.361311184,0.361311184,0.321294704,0.276857289,0.375542543,0.338946903,0.069532233,0.064395153,0.114393693,0.385526734,0.234519325,0.027586716,1
0.207735062,0.166562398,0.166562398,0.391109551,0.096917121,0.314754294,0.020114771,0.141055115,0.345193343,0.00720169,0.189553889,0.225594283,0.175442262,1
0.304618956,0.346513807,0.346513807,0.091274151,0.006116774,0.034049647,0.126941285,0.031259966,0.209650884,0.2412634,0.068985444,0.128500984,0.138452604,1
0.193847377,0.076162898,0.076162898,0.038338957,0.130889997,0.033851513,0.19315996,0.174341952,0.176610313,0.069209855,0.079914793,0.036968194,0.054796339,1
0.019899386,0.097960247,0.097960247,0.118354671,0.382997338,0.093518087,0.199199266,0.00721667,0.044104049,0.175735668,0.061357198,0.112040343,0.022389135,1
0.332953167,0.00761827,0.00761827,0.135681651,0.068018667,0.310476537,0.123172963,0.215941808,0.242869922,0.072895397,0.032710677,0.032851328,0.20264084,1
0.027880606,0.462382549,0.462382549,0.278150313,0.311775109,0.287123737,0.073696355,0.377629891,0.231413345,0.137642514,0.274251297,0.04521657,0.507165438,1
0.599845271,0.221034353,0.221034353,0.150307883,0.09056877,0.007718613,0.09750246,0.069022828,0.478663661,0.056188755,0.039610086,0.115416879,0.020959492,1
0.279460923,0.059819471,0.059819471,0.193145043,0.283110903,0.189412717,0.147305867,0.2054416,0.16673068,0.285827001,0.028636284,0.276795045,0.039136735,1
0.077951868,0.33481618,0.33481618,0.147635899,0.02605367,0.143156618,0.19452836,0.149351079,0.219367739,0.000264134,0.230417107,0.086891963,0.220610514,1
0.197760699,0.14772262,0.14772262,0.417216402,0.088792142,0.100458806,0.535440186,0.016189543,0.126718859,0.115734123,0.064222861,0.049207655,0.056994696,1
0.251718975,0.304194462,0.304194462,0.411157075,0.316294627,0.401578023,0.281225255,0.192568338,0.136257731,0.233176047,0.402998971,0.086791481,0.292288764,1
0.199785062,0.415777535,0.415777535,0.154474097,0.173800222,0.230809456,0.647221274,0.32058069,0.08668603,0.002357437,0.253191415,0.147508341,0.25235477,1
0.328944934,0.10874326,0.10874326,0.046895764,0.079957314,0.589719682,0.212093618,0.014571305,0.528389727,0.063852737,0.301244071,0.098487753,0.100200384,1
0.564824102,0.037775076,0.037775076,0.268617549,0.036046194,0.18703293,0.270887721,0.245476468,0.072242349,0.003889962,0.1464641,0.027938202,0.383976479,1
0.021542786,0.329996968,0.329996968,0.030782571,0.287154175,0.267869186,0.34264448,0.281308249,0.189577414,0.250152541,0.383725994,0.216136045,0.036603818,1
0.435154247,0.2857093,0.2857093,0.217840414,0.508709844,0.013694303,0.1810843,0.407762175,0.116340624,0.086960867,0.255261367,0.293647862,0.15089752,1
0.02201805,0.167314668,0.167314668,0.168349786,0.378335991,0.326026506,0.080990592,0.176731337,0.079245295,0.495118244,0.093046721,0.436277403,0.26209298,1
0.317405459,0.283040956,0.283040956,0.211096929,0.088139604,0.225623438,0.133180418,0.100214288,0.027985369,0.178552925,0.124747046,0.239748127,0.187726981,1
0.406491338,0.171924781,0.171924781,0.020407428,0.258439975,0.133469309,0.139124217,0.477192434,0.006942698,0.050812489,0.04380465,0.163183447,0.104806338,1
0.14884181,0.146851201,0.146851201,0.011838551,0.021347069,0.093051167,0.220778381,0.155566801,0.126223483,0.272371398,0.3891155,0.071282924,0.02643058,1
0.193379625,0.268795062,0.268795062,0.114284345,0.211918085,0.288989794,0.05693724,0.021177838,0.136113442,0.183649985,0.155223841,0.417265851,0.233457001,1
0.086883366,0.335246842,0.335246842,0.234131763,0.243276774,0.311974247,0.360766417,0.144457846,0.088014936,0.19072934,0.016278023,0.287914761,0.169009595,1
0.035025478,0.034943454,0.034943454,0.5253625,0.011127888,0.15620844,0.131922385,0.297762398,0.024800334,0.278917788,0.086639018,0.147273518,0.017271873,1
0.369809213,0.031000487,0.031000487,0.472704852,0.143578701,0.101211846,0.178507051,0.121101104,0.452772208,0.264544729,0.186698647,0.118770362,0.080336345,1
0.035754353,0.125701515,0.125701515,0.274212137,0.374747085,0.492820683,0.165861605,0.340336502,0.073598938,0.209412673,0.200593225,0.218814524,0.015974078,1
0.192894994,0.124533344,0.124533344,0.319846483,0.00272451,0.31208187,0.359690819,0.121032911,0.01713327,0.178195332,0.67577679,0.129305407,0.478523804,1
0.143904865,0.216950198,0.216950198,0.202474969,0.163327349,0.031895631,0.111293367,0.090135436,0.444034732,0.101152266,0.264011953,0.087889687,0.482744585,1
0.112781773,0.292621018,0.292621018,0.045815156,0.137212997,0.147644743,0.132461041,0.231561218,0.359191613,0.346205739,0.058575907,0.159374406,0.193239993,1
0.409553515,0.103192226,0.103192226,0.137134452,0.046684557,0.252705411,0.320438334,0.035540878,0.341523945,0.218955991,0.011553673,0.040458143,0.003292682,1
0.112029114,0.113046159,0.113046159,0.089518871,0.339642054,0.155293935,0.359015728,0.348128743,0.446374089,0.015617281,0.151463962,0.095469576,0.06258348,1
